{
  "cacheBust": true,
  "cleanPublic": true,
  "defaultPattern": "protons-demo-welcome",
  "defaultShowPatternInfo": false,
  "ishControlsHide": {
    "s": false,
    "m": false,
    "l": false,
    "full": false,
    "random": false,
    "disco": false,
    "hay": true,
    "mqs": false,
    "find": false,
    "views-all": false,
    "views-annotations": false,
    "views-code": false,
    "views-new": false,
    "tools-all": false,
    "tools-docs": false
  },
  "ishViewportRange": {
    "s": [
      240,
      500,
      240,
      500,
      240,
      500
    ],
    "m": [
      500,
      800,
      500,
      800,
      500,
      800
    ],
    "l": [
      800,
      2600,
      800,
      2600,
      800,
      2600
    ]
  },
  "logLevel": "error",
  "outputFileSuffixes": {
    "rendered": ".rendered",
    "rawTemplate": "",
    "markupOnly": ".markup-only"
  },
  "paths": {
    "source": {
      "root": "./apps/node-pl/pattern-lab/",
      "patterns": "./apps/node-pl/pattern-lab/_patterns/",
      "data": "./apps/node-pl/pattern-lab/_data/",
      "meta": "./apps/node-pl/pattern-lab/_meta/",
      "annotations": "./apps/node-pl/pattern-lab/_annotations/",
      "styleguide": "dist/",
      "patternlabFiles": {
        "general-header": "views/partials/general-header.mustache",
        "general-footer": "views/partials/general-footer.mustache",
        "patternSection": "views/partials/patternSection.mustache",
        "patternSectionSubtype": "views/partials/patternSectionSubtype.mustache",
        "viewall": "views/viewall.mustache"
      }
    },
    "public": {
      "root": "dist/app-node-pl/pl",
      "patterns": "dist/app-node-pl/pl/patterns/",
      "data": "dist/app-node-pl/pl/styleguide/data/",
      "annotations": "dist/app-node-pl/pl/annotations/",
      "styleguide": "dist/app-node-pl/pl/styleguide/"
    }
  },
  "patternExtension": "twig",
  "patternStateCascade": [
    "inprogress",
    "inreview",
    "complete",
    "inprogress",
    "inreview",
    "complete",
    "inprogress",
    "inreview",
    "complete"
  ],
  "patternExportDirectory": "apps/node-pl/pattern_exports/",
  "patternExportPatternPartials": [],
  "serverOptions": {
    "wait": 1000
  },
  "starterkitSubDir": "dist",
  "styleGuideExcludes": [],
  "theme": {
    "color": "light",
    "density": "compact",
    "layout": "horizontal"
  },
  "uikits": [
    {
      "name": "uikit-workshop",
      "outputDir": "",
      "enabled": true,
      "excludedPatternStates": [],
      "excludedTags": []
    }
  ],
  "engines": {
    "twig": {
      "namespaces": [
        {
          "id": "uikit",
          "recursive": true,
          "paths": [
            "./node_modules/@pattern-lab/uikit-workshop/views-twig"
          ]
        },
        {
          "id": "protons",
          "recursive": true,
          "paths": [
            "./source/default/_patterns/00-protons"
          ]
        },
        {
          "id": "atoms",
          "recursive": true,
          "paths": [
            "source/default/_patterns/01-atoms"
          ]
        },
        {
          "id": "molecules",
          "recursive": true,
          "paths": [
            "./source/default/_patterns/02-molecules"
          ]
        },
        {
          "id": "organisms",
          "recursive": true,
          "paths": [
            "./source/default/_patterns/03-organisms"
          ]
        },
        {
          "id": "templates",
          "recursive": true,
          "paths": [
            "./source/default/_patterns/04-templates"
          ]
        },
        {
          "id": "pages",
          "recursive": true,
          "paths": [
            "./source/default/_patterns/05-pages"
          ]
        },
        {
          "id": "demo",
          "recursive": true,
          "paths": [
            "./apps/node-pl/pattern-lab/_patterns/00-protons-demo"
          ]
        },
        {
          "id": "macros",
          "recursive": true,
          "paths": [
            "./source/default/_macros"
          ]
        }
      ],
      "alterTwigEnv": [
        {
          "file": "./apps/node-pl/pattern-lab/alter-twig.php",
          "functions": [
            "addFilters",
            "addFunctions",
            "addDebug"
          ]
        },
        {
          "file": "source/_twig-components/functions/add_attributes.function.patternlab.php",
          "functions": [
            "addAddAttributesFunction"
          ]
        },
        {
          "file": "./source/_twig-components/functions/attach_library.function.php",
          "functions": [
            "addAttachLibraryFunction"
          ]
        }
      ]
    }
  }
}
