{
    "_links": {
        "self": {
            "href": ""
        },
        "type": {
            "href": "http:\/\/drupal.org\/rest\/type\/paragraph\/video"
        },
        "http:\/\/drupal.org\/rest\/relation\/paragraph\/video\/uid": [
            {
                "href": "http:\/\/default\/en\/user\/1?_format=hal_json",
                "lang": "en"
            }
        ],
        "http:\/\/drupal.org\/rest\/relation\/paragraph\/video\/revision_uid": [
            {
                "href": "http:\/\/default\/en\/user\/1?_format=hal_json"
            }
        ],
        "http:\/\/drupal.org\/rest\/relation\/paragraph\/video\/field_media": [
            {
                "href": "http:\/\/default\/en\/media\/video\/test-video?_format=hal_json"
            }
        ]
    },
    "id": [
        {
            "value": 13
        }
    ],
    "uuid": [
        {
            "value": "2d3589c2-8721-44ae-b69a-f9c0a449499a"
        }
    ],
    "revision_id": [
        {
            "value": 571
        }
    ],
    "langcode": [
        {
            "value": "en",
            "lang": "en"
        }
    ],
    "type": [
        {
            "target_id": "media"
        }
    ],
    "_embedded": {
        "http:\/\/drupal.org\/rest\/relation\/paragraph\/video\/uid": [
            {
                "_links": {
                    "self": {
                        "href": "http:\/\/default\/en\/user\/1?_format=hal_json"
                    },
                    "type": {
                        "href": "http:\/\/drupal.org\/rest\/type\/user\/user"
                    }
                },
                "uuid": [
                    {
                        "value": "c755b8f6-b6ea-4afb-8841-0bba56bd4850"
                    }
                ],
                "lang": "en"
            }
        ],
        "http:\/\/drupal.org\/rest\/relation\/paragraph\/video\/revision_uid": [
            {
                "_links": {
                    "self": {
                        "href": "http:\/\/default\/en\/user\/1?_format=hal_json"
                    },
                    "type": {
                        "href": "http:\/\/drupal.org\/rest\/type\/user\/user"
                    }
                },
                "uuid": [
                    {
                        "value": "c755b8f6-b6ea-4afb-8841-0bba56bd4850"
                    }
                ]
            }
        ],
        "http:\/\/drupal.org\/rest\/relation\/paragraph\/video\/field_media": [
            {
                "_links": {
                    "self": {
                        "href": "http:\/\/default\/en\/media\/video\/test-video?_format=hal_json"
                    },
                    "type": {
                        "href": "http:\/\/drupal.org\/rest\/type\/media\/video"
                    }
                },
                "uuid": [
                    {
                        "value": "496bbcb9-de4d-4d89-ac42-bd31693eecd8"
                    }
                ]
            }
        ]
    },
    "status": [
        {
            "value": true,
            "lang": "en"
        }
    ],
    "created": [
        {
            "value": "2019-01-10T17:51:46+00:00",
            "lang": "en",
            "format": "Y-m-d\\TH:i:sP"
        }
    ],
    "parent_id": [
        {
            "value": "2"
        }
    ],
    "parent_type": [
        {
            "value": "node"
        }
    ],
    "parent_field_name": [
        {
            "value": "field_content_paragraphs"
        }
    ],
    "behavior_settings": [
        {
            "value": {
                "paragraph_width": {
                    "width": "wide"
                }
            }
        }
    ],
    "default_langcode": [
        {
            "value": true,
            "lang": "en"
        }
    ],
    "field_title": [
        {
            "value": "Media paragraph - Video",
            "lang": "en"
        }
    ]
}
