{
    "_links": {
        "self": {
            "href": ""
        },
        "type": {
            "href": "http:\/\/drupal.org\/rest\/type\/paragraph\/slideshow"
        },
        "http:\/\/drupal.org\/rest\/relation\/paragraph\/slideshow\/uid": [
            {
                "href": "http:\/\/default\/en\/user\/1?_format=hal_json",
                "lang": "en"
            }
        ],
        "http:\/\/drupal.org\/rest\/relation\/paragraph\/slideshow\/revision_uid": [
            {
                "href": "http:\/\/default\/en\/user\/1?_format=hal_json"
            }
        ],
        "http:\/\/drupal.org\/rest\/relation\/paragraph\/slideshow\/field_slideshow_slide": [
            {
                "href": ""
            },
            {
                "href": ""
            },
            {
                "href": ""
            }
        ]
    },
    "id": [
        {
            "value": 4
        }
    ],
    "uuid": [
        {
            "value": "39a0db58-b674-46b1-9e4c-3ad0d5383670"
        }
    ],
    "revision_id": [
        {
            "value": 617
        }
    ],
    "langcode": [
        {
            "value": "en",
            "lang": "en"
        }
    ],
    "type": [
        {
            "target_id": "slideshow"
        }
    ],
    "_embedded": {
        "http:\/\/drupal.org\/rest\/relation\/paragraph\/slideshow\/uid": [
            {
                "_links": {
                    "self": {
                        "href": "http:\/\/default\/en\/user\/1?_format=hal_json"
                    },
                    "type": {
                        "href": "http:\/\/drupal.org\/rest\/type\/user\/user"
                    }
                },
                "uuid": [
                    {
                        "value": "c755b8f6-b6ea-4afb-8841-0bba56bd4850"
                    }
                ],
                "lang": "en"
            }
        ],
        "http:\/\/drupal.org\/rest\/relation\/paragraph\/slideshow\/revision_uid": [
            {
                "_links": {
                    "self": {
                        "href": "http:\/\/default\/en\/user\/1?_format=hal_json"
                    },
                    "type": {
                        "href": "http:\/\/drupal.org\/rest\/type\/user\/user"
                    }
                },
                "uuid": [
                    {
                        "value": "c755b8f6-b6ea-4afb-8841-0bba56bd4850"
                    }
                ]
            }
        ],
        "http:\/\/drupal.org\/rest\/relation\/paragraph\/slideshow\/field_slideshow_slide": [
            {
                "_links": {
                    "self": {
                        "href": ""
                    },
                    "type": {
                        "href": "http:\/\/drupal.org\/rest\/type\/paragraph\/slide"
                    }
                },
                "uuid": [
                    {
                        "value": "ab51bd55-7ade-4ecd-b09d-7679ed272301"
                    }
                ],
                "target_revision_id": "614"
            },
            {
                "_links": {
                    "self": {
                        "href": ""
                    },
                    "type": {
                        "href": "http:\/\/drupal.org\/rest\/type\/paragraph\/slide"
                    }
                },
                "uuid": [
                    {
                        "value": "4864d5ba-99c6-4a5a-ad92-0fada231c304"
                    }
                ],
                "target_revision_id": "615"
            },
            {
                "_links": {
                    "self": {
                        "href": ""
                    },
                    "type": {
                        "href": "http:\/\/drupal.org\/rest\/type\/paragraph\/slide"
                    }
                },
                "uuid": [
                    {
                        "value": "0fd2a408-5fbc-4c12-8c21-e520fdda46b4"
                    }
                ],
                "target_revision_id": "616"
            }
        ]
    },
    "status": [
        {
            "value": true,
            "lang": "en"
        }
    ],
    "created": [
        {
            "value": "2019-01-10T17:26:26+00:00",
            "lang": "en",
            "format": "Y-m-d\\TH:i:sP"
        }
    ],
    "parent_id": [
        {
            "value": "1"
        }
    ],
    "parent_type": [
        {
            "value": "node"
        }
    ],
    "parent_field_name": [
        {
            "value": "field_content_paragraphs"
        }
    ],
    "behavior_settings": [
        {
            "value": {
                "paragraph_width": {
                    "width": "full"
                }
            }
        }
    ],
    "default_langcode": [
        {
            "value": true,
            "lang": "en"
        }
    ]
}
