{
    "_links": {
        "self": {
            "href": ""
        },
        "type": {
            "href": "http:\/\/drupal.org\/rest\/type\/paragraph\/gallery"
        },
        "http:\/\/drupal.org\/rest\/relation\/paragraph\/gallery\/uid": [
            {
                "href": "http:\/\/default\/en\/user\/1?_format=hal_json",
                "lang": "en"
            }
        ],
        "http:\/\/drupal.org\/rest\/relation\/paragraph\/gallery\/revision_uid": [
            {
                "href": "http:\/\/default\/en\/user\/1?_format=hal_json"
            }
        ],
        "http:\/\/drupal.org\/rest\/relation\/paragraph\/gallery\/field_media": [
            {
                "href": "http:\/\/default\/en\/media\/image\/light-bulb?_format=hal_json",
                "lang": "en"
            },
            {
                "href": "http:\/\/default\/en\/media\/image\/dawn?_format=hal_json",
                "lang": "en"
            },
            {
                "href": "http:\/\/default\/en\/media\/image\/autumn?_format=hal_json",
                "lang": "en"
            },
            {
                "href": "http:\/\/default\/en\/media\/image\/computer-bw?_format=hal_json",
                "lang": "en"
            },
            {
                "href": "http:\/\/default\/en\/media\/image\/computer-pineapple?_format=hal_json",
                "lang": "en"
            },
            {
                "href": "http:\/\/default\/en\/media\/image\/sunflower?_format=hal_json",
                "lang": "en"
            }
        ]
    },
    "id": [
        {
            "value": 18
        }
    ],
    "uuid": [
        {
            "value": "672670e9-2745-46a5-9637-a4b47037c112"
        }
    ],
    "revision_id": [
        {
            "value": 576
        }
    ],
    "langcode": [
        {
            "value": "en",
            "lang": "en"
        }
    ],
    "type": [
        {
            "target_id": "gallery"
        }
    ],
    "_embedded": {
        "http:\/\/drupal.org\/rest\/relation\/paragraph\/gallery\/uid": [
            {
                "_links": {
                    "self": {
                        "href": "http:\/\/default\/en\/user\/1?_format=hal_json"
                    },
                    "type": {
                        "href": "http:\/\/drupal.org\/rest\/type\/user\/user"
                    }
                },
                "uuid": [
                    {
                        "value": "c755b8f6-b6ea-4afb-8841-0bba56bd4850"
                    }
                ],
                "lang": "en"
            }
        ],
        "http:\/\/drupal.org\/rest\/relation\/paragraph\/gallery\/revision_uid": [
            {
                "_links": {
                    "self": {
                        "href": "http:\/\/default\/en\/user\/1?_format=hal_json"
                    },
                    "type": {
                        "href": "http:\/\/drupal.org\/rest\/type\/user\/user"
                    }
                },
                "uuid": [
                    {
                        "value": "c755b8f6-b6ea-4afb-8841-0bba56bd4850"
                    }
                ]
            }
        ],
        "http:\/\/drupal.org\/rest\/relation\/paragraph\/gallery\/field_media": [
            {
                "_links": {
                    "self": {
                        "href": "http:\/\/default\/en\/media\/image\/light-bulb?_format=hal_json"
                    },
                    "type": {
                        "href": "http:\/\/drupal.org\/rest\/type\/media\/image"
                    }
                },
                "uuid": [
                    {
                        "value": "d8c6302a-e56c-4eff-ad86-53ae20bff0e9"
                    }
                ],
                "lang": "en"
            },
            {
                "_links": {
                    "self": {
                        "href": "http:\/\/default\/en\/media\/image\/dawn?_format=hal_json"
                    },
                    "type": {
                        "href": "http:\/\/drupal.org\/rest\/type\/media\/image"
                    }
                },
                "uuid": [
                    {
                        "value": "6c000e44-983b-4082-9313-7d2b8b393a88"
                    }
                ],
                "lang": "en"
            },
            {
                "_links": {
                    "self": {
                        "href": "http:\/\/default\/en\/media\/image\/autumn?_format=hal_json"
                    },
                    "type": {
                        "href": "http:\/\/drupal.org\/rest\/type\/media\/image"
                    }
                },
                "uuid": [
                    {
                        "value": "24b61c8d-1e42-43a1-b319-3d3c4bf16038"
                    }
                ],
                "lang": "en"
            },
            {
                "_links": {
                    "self": {
                        "href": "http:\/\/default\/en\/media\/image\/computer-bw?_format=hal_json"
                    },
                    "type": {
                        "href": "http:\/\/drupal.org\/rest\/type\/media\/image"
                    }
                },
                "uuid": [
                    {
                        "value": "16a505f6-f882-4172-99aa-9d2b1fb42b69"
                    }
                ],
                "lang": "en"
            },
            {
                "_links": {
                    "self": {
                        "href": "http:\/\/default\/en\/media\/image\/computer-pineapple?_format=hal_json"
                    },
                    "type": {
                        "href": "http:\/\/drupal.org\/rest\/type\/media\/image"
                    }
                },
                "uuid": [
                    {
                        "value": "99127479-770c-4968-b6ea-d68aba855c69"
                    }
                ],
                "lang": "en"
            },
            {
                "_links": {
                    "self": {
                        "href": "http:\/\/default\/en\/media\/image\/sunflower?_format=hal_json"
                    },
                    "type": {
                        "href": "http:\/\/drupal.org\/rest\/type\/media\/image"
                    }
                },
                "uuid": [
                    {
                        "value": "635f971a-96f3-449f-a8b3-c402d0b53306"
                    }
                ],
                "lang": "en"
            }
        ]
    },
    "status": [
        {
            "value": true,
            "lang": "en"
        }
    ],
    "created": [
        {
            "value": "2019-01-11T07:59:31+00:00",
            "lang": "en",
            "format": "Y-m-d\\TH:i:sP"
        }
    ],
    "parent_id": [
        {
            "value": "2"
        }
    ],
    "parent_type": [
        {
            "value": "node"
        }
    ],
    "parent_field_name": [
        {
            "value": "field_content_paragraphs"
        }
    ],
    "behavior_settings": [
        {
            "value": {
                "paragraph_width": {
                    "width": "wide"
                }
            }
        }
    ],
    "default_langcode": [
        {
            "value": true,
            "lang": "en"
        }
    ],
    "field_title": [
        {
            "value": "Gallery paragraph",
            "lang": "en"
        }
    ]
}