{
    "_links": {
        "self": {
            "href": ""
        },
        "type": {
            "href": "http:\/\/drupal.org\/rest\/type\/paragraph\/text"
        },
        "http:\/\/drupal.org\/rest\/relation\/paragraph\/text\/uid": [
            {
                "href": "http:\/\/default\/en\/user\/1?_format=hal_json",
                "lang": "en"
            }
        ],
        "http:\/\/drupal.org\/rest\/relation\/paragraph\/text\/revision_uid": [
            {
                "href": "http:\/\/default\/en\/user\/1?_format=hal_json"
            }
        ]
    },
    "id": [
        {
            "value": 10
        }
    ],
    "uuid": [
        {
            "value": "6f06330e-4bd0-4766-aa9e-90ae23cd6674"
        }
    ],
    "revision_id": [
        {
            "value": 568
        }
    ],
    "langcode": [
        {
            "value": "en",
            "lang": "en"
        }
    ],
    "type": [
        {
            "target_id": "text"
        }
    ],
    "_embedded": {
        "http:\/\/drupal.org\/rest\/relation\/paragraph\/text\/uid": [
            {
                "_links": {
                    "self": {
                        "href": "http:\/\/default\/en\/user\/1?_format=hal_json"
                    },
                    "type": {
                        "href": "http:\/\/drupal.org\/rest\/type\/user\/user"
                    }
                },
                "uuid": [
                    {
                        "value": "c755b8f6-b6ea-4afb-8841-0bba56bd4850"
                    }
                ],
                "lang": "en"
            }
        ],
        "http:\/\/drupal.org\/rest\/relation\/paragraph\/text\/revision_uid": [
            {
                "_links": {
                    "self": {
                        "href": "http:\/\/default\/en\/user\/1?_format=hal_json"
                    },
                    "type": {
                        "href": "http:\/\/drupal.org\/rest\/type\/user\/user"
                    }
                },
                "uuid": [
                    {
                        "value": "c755b8f6-b6ea-4afb-8841-0bba56bd4850"
                    }
                ]
            }
        ]
    },
    "status": [
        {
            "value": true,
            "lang": "en"
        }
    ],
    "created": [
        {
            "value": "2019-01-10T17:43:15+00:00",
            "lang": "en",
            "format": "Y-m-d\\TH:i:sP"
        }
    ],
    "parent_id": [
        {
            "value": "2"
        }
    ],
    "parent_type": [
        {
            "value": "node"
        }
    ],
    "parent_field_name": [
        {
            "value": "field_content_paragraphs"
        }
    ],
    "behavior_settings": [
        {
            "value": {
                "paragraph_width": {
                    "width": "narrow"
                }
            }
        }
    ],
    "default_langcode": [
        {
            "value": true,
            "lang": "en"
        }
    ],
    "field_text": [
        {
            "value": "<h2>This page presents all the paragraph types we have available.&nbsp;<\/h2>\r\n<h3>This is a text paragraph, with the option 'narrow' display<\/h3>\r\n<p class=\"two-columns\">Big Oxmox advised her not to do so, because there were thousands of bad Commas, wild Question Marks and devious Semikoli, but the Little Blind Text didn\u2019t listen. She packed her seven versalia, put her initial into the belt and made herself on the way. Pityful&nbsp;was left from its origin would be the word \"and\" and the Little Blind Text should turn around and return to its own, safe country.&nbsp;<\/p>\r\n\r\n<p class=\"three-columns\">Far far away, behind the word mountains, far from the countries Vokalia and Consonantia, there live the blind texts. Separated they live in Bookmarksgrove right at the coast of the Semantics, a large language ocean. Separated they live in Bookmarksgrove right at the coast of the Semantics, a large language ocean. A small river named Duden flows by their place and supplies it with the necessary regelialia.&nbsp;<\/p>\r\n\r\n<p class=\"four-columns\">Copy Writers ambushed her, made her drunk with Longe and Parole and dragged her into their agency, where they abused her for their projects again and again. And if she hasn\u2019t been rewritten, then they are still using her. Consonantia, there live the blind texts. Separated they live in Bookmarksgrove right at the coast of the Semantics, a large language ocean. A small river named Duden flows by their place and supplies it with the necessary regelialia.<\/p>\r\n",
            "format": "rich_text",
            "processed": "<h2>This page presents all the paragraph types we have available.\u00a0<\/h2>\n<h3>This is a text paragraph, with the option 'narrow' display<\/h3>\n<p class=\"two-columns\">Big Oxmox advised her not to do so, because there were thousands of bad Commas, wild Question Marks and devious Semikoli, but the Little Blind Text didn\u2019t listen. She packed her seven versalia, put her initial into the belt and made herself on the way. Pityful\u00a0was left from its origin would be the word \"and\" and the Little Blind Text should turn around and return to its own, safe country.\u00a0<\/p>\n\n<p class=\"three-columns\">Far far away, behind the word mountains, far from the countries Vokalia and Consonantia, there live the blind texts. Separated they live in Bookmarksgrove right at the coast of the Semantics, a large language ocean. Separated they live in Bookmarksgrove right at the coast of the Semantics, a large language ocean. A small river named Duden flows by their place and supplies it with the necessary regelialia.\u00a0<\/p>\n\n<p class=\"four-columns\">Copy Writers ambushed her, made her drunk with Longe and Parole and dragged her into their agency, where they abused her for their projects again and again. And if she hasn\u2019t been rewritten, then they are still using her. Consonantia, there live the blind texts. Separated they live in Bookmarksgrove right at the coast of the Semantics, a large language ocean. A small river named Duden flows by their place and supplies it with the necessary regelialia.<\/p>\n"
        }
    ]
}
