{
    "_links": {
        "self": {
            "href": ""
        },
        "type": {
            "href": "http:\/\/drupal.org\/rest\/type\/paragraph\/image_text"
        },
        "http:\/\/drupal.org\/rest\/relation\/paragraph\/image_text\/field_image": [
            {
                "href": "http:\/\/default\/media\/image\/light-bulb?_format=hal_json",
                "lang": "en"
            }
        ]
    },
    "id": [
        {
            "value": 55
        }
    ],
    "uuid": [
        {
            "value": "7592c1a7-db39-40d1-a8ee-5f9f60bf8107"
        }
    ],
    "revision_id": [
        {
            "value": 781
        }
    ],
    "langcode": [
        {
            "value": "en",
            "lang": "en"
        }
    ],
    "type": [
        {
            "target_id": "image_text"
        }
    ],
    "status": [
        {
            "value": true,
            "lang": "en"
        }
    ],
    "created": [
        {
            "value": "2020-01-17T14:43:05+00:00",
            "lang": "en",
            "format": "Y-m-d\\TH:i:sP"
        }
    ],
    "parent_id": [
        {
            "value": "2"
        }
    ],
    "parent_type": [
        {
            "value": "node"
        }
    ],
    "parent_field_name": [
        {
            "value": "field_content_paragraphs"
        }
    ],
    "behavior_settings": [
        {
            "value": {
                "paragraph_image_position": {
                    "image_position": "image_right"
                }
            }
        }
    ],
    "default_langcode": [
        {
            "value": true,
            "lang": "en"
        }
    ],
    "_embedded": {
        "http:\/\/drupal.org\/rest\/relation\/paragraph\/image_text\/field_image": [
            {
                "_links": {
                    "self": {
                        "href": "http:\/\/default\/media\/image\/light-bulb?_format=hal_json"
                    },
                    "type": {
                        "href": "http:\/\/drupal.org\/rest\/type\/media\/image"
                    }
                },
                "uuid": [
                    {
                        "value": "d8c6302a-e56c-4eff-ad86-53ae20bff0e9"
                    }
                ],
                "lang": "en"
            }
        ]
    },
    "field_text": [
        {
            "value": "<p><strong>We help you with the digitalization of your business processes <\/strong><\/p>\r\n\r\n<p>With our team of developers, project managers and online marketing experts, we can advise you on all aspects of your web project.<\/p>\r\n",
            "format": "rich_text",
            "processed": "<p><strong>We help you with the digitalization of your business processes <\/strong><\/p>\n<p>With our team of developers, project managers and online marketing experts, we can advise you on all aspects of your web project.<\/p>\n",
            "lang": "en"
        }
    ],
    "field_title": [
        {
            "value": "Consulting",
            "lang": "en"
        }
    ]
}
