{
    "_links": {
        "self": {
            "href": ""
        },
        "type": {
            "href": "http:\/\/drupal.org\/rest\/type\/paragraph\/image"
        },
        "http:\/\/drupal.org\/rest\/relation\/paragraph\/image\/uid": [
            {
                "href": "http:\/\/default\/en\/user\/1?_format=hal_json",
                "lang": "en"
            }
        ],
        "http:\/\/drupal.org\/rest\/relation\/paragraph\/image\/revision_uid": [
            {
                "href": "http:\/\/default\/en\/user\/1?_format=hal_json"
            }
        ],
        "http:\/\/drupal.org\/rest\/relation\/paragraph\/image\/field_image": [
            {
                "href": "http:\/\/default\/en\/media\/image\/dawn?_format=hal_json"
            }
        ]
    },
    "id": [
        {
            "value": 12
        }
    ],
    "uuid": [
        {
            "value": "7776302d-8606-4892-bc43-1bff09129801"
        }
    ],
    "revision_id": [
        {
            "value": 570
        }
    ],
    "langcode": [
        {
            "value": "en",
            "lang": "en"
        }
    ],
    "type": [
        {
            "target_id": "media"
        }
    ],
    "_embedded": {
        "http:\/\/drupal.org\/rest\/relation\/paragraph\/image\/uid": [
            {
                "_links": {
                    "self": {
                        "href": "http:\/\/default\/en\/user\/1?_format=hal_json"
                    },
                    "type": {
                        "href": "http:\/\/drupal.org\/rest\/type\/user\/user"
                    }
                },
                "uuid": [
                    {
                        "value": "c755b8f6-b6ea-4afb-8841-0bba56bd4850"
                    }
                ],
                "lang": "en"
            }
        ],
        "http:\/\/drupal.org\/rest\/relation\/paragraph\/image\/revision_uid": [
            {
                "_links": {
                    "self": {
                        "href": "http:\/\/default\/en\/user\/1?_format=hal_json"
                    },
                    "type": {
                        "href": "http:\/\/drupal.org\/rest\/type\/user\/user"
                    }
                },
                "uuid": [
                    {
                        "value": "c755b8f6-b6ea-4afb-8841-0bba56bd4850"
                    }
                ]
            }
        ],
        "http:\/\/drupal.org\/rest\/relation\/paragraph\/image\/field_image": [
            {
                "_links": {
                    "self": {
                        "href": "http:\/\/default\/en\/media\/image\/dawn?_format=hal_json"
                    },
                    "type": {
                        "href": "http:\/\/drupal.org\/rest\/type\/media\/image"
                    }
                },
                "uuid": [
                    {
                        "value": "6c000e44-983b-4082-9313-7d2b8b393a88"
                    }
                ]
            }
        ]
    },
    "status": [
        {
            "value": true,
            "lang": "en"
        }
    ],
    "created": [
        {
            "value": "2019-01-10T17:51:04+00:00",
            "lang": "en",
            "format": "Y-m-d\\TH:i:sP"
        }
    ],
    "parent_id": [
        {
            "value": "2"
        }
    ],
    "parent_type": [
        {
            "value": "node"
        }
    ],
    "parent_field_name": [
        {
            "value": "field_content_paragraphs"
        }
    ],
    "behavior_settings": [
        {
            "value": {
                "paragraph_width": {
                    "width": "wide"
                }
            }
        }
    ],
    "default_langcode": [
        {
            "value": true,
            "lang": "en"
        }
    ],
    "field_title": [
        {
            "value": "Media paragraph - Image",
            "lang": "en"
        }
    ]
}
