{
    "_links": {
        "self": {
            "href": ""
        },
        "type": {
            "href": "http:\/\/drupal.org\/rest\/type\/paragraph\/text"
        },
        "http:\/\/drupal.org\/rest\/relation\/paragraph\/text\/uid": [
            {
                "href": "http:\/\/default\/en\/user\/1?_format=hal_json",
                "lang": "en"
            }
        ],
        "http:\/\/drupal.org\/rest\/relation\/paragraph\/text\/revision_uid": [
            {
                "href": "http:\/\/default\/en\/user\/1?_format=hal_json"
            }
        ]
    },
    "id": [
        {
            "value": 30
        }
    ],
    "uuid": [
        {
            "value": "8d185301-b961-4d76-b484-923ba9e671ff"
        }
    ],
    "revision_id": [
        {
            "value": 625
        }
    ],
    "langcode": [
        {
            "value": "en",
            "lang": "en"
        }
    ],
    "type": [
        {
            "target_id": "text"
        }
    ],
    "_embedded": {
        "http:\/\/drupal.org\/rest\/relation\/paragraph\/text\/uid": [
            {
                "_links": {
                    "self": {
                        "href": "http:\/\/default\/en\/user\/1?_format=hal_json"
                    },
                    "type": {
                        "href": "http:\/\/drupal.org\/rest\/type\/user\/user"
                    }
                },
                "uuid": [
                    {
                        "value": "c755b8f6-b6ea-4afb-8841-0bba56bd4850"
                    }
                ],
                "lang": "en"
            }
        ],
        "http:\/\/drupal.org\/rest\/relation\/paragraph\/text\/revision_uid": [
            {
                "_links": {
                    "self": {
                        "href": "http:\/\/default\/en\/user\/1?_format=hal_json"
                    },
                    "type": {
                        "href": "http:\/\/drupal.org\/rest\/type\/user\/user"
                    }
                },
                "uuid": [
                    {
                        "value": "c755b8f6-b6ea-4afb-8841-0bba56bd4850"
                    }
                ]
            }
        ]
    },
    "status": [
        {
            "value": true,
            "lang": "en"
        }
    ],
    "created": [
        {
            "value": "2019-01-11T08:28:50+00:00",
            "lang": "en",
            "format": "Y-m-d\\TH:i:sP"
        }
    ],
    "parent_id": [
        {
            "value": "4"
        }
    ],
    "parent_type": [
        {
            "value": "node"
        }
    ],
    "parent_field_name": [
        {
            "value": "field_content_paragraphs"
        }
    ],
    "behavior_settings": [
        {
            "value": {
                "paragraph_width": {
                    "width": "wide"
                }
            }
        }
    ],
    "default_langcode": [
        {
            "value": true,
            "lang": "en"
        }
    ],
    "field_text": [
        {
            "value": "<h2><strong>1xINTERNET GmbH<\/strong><\/h2>\r\n\r\n<p><strong>Office address&nbsp;Frankfurt \/ Germany:<\/strong><br \/>\r\nSeelenberger Str. 2<br \/>\r\n60489 Frankfurt<\/p>\r\n\r\n<p>Tel: &nbsp;+49 69 97 67 11 50<br \/>\r\nE-Mail: office@1xinternet.de<\/p>\r\n\r\n<p><strong>Office address Reykjavik \/ Island:<\/strong><br \/>\r\nLaugavegi 182<br \/>\r\n105 Reykjav\u00edk<\/p>\r\n\r\n<p>Tel: &nbsp;+354 545 5400<br \/>\r\nE-Mail: office@1xinternet.de<\/p>\r\n\r\n<p><strong>The company is represented by:<\/strong><br \/>\r\nDr. Christoph Breidert<br \/>\r\nBjarney Breidert<br \/>\r\nStefan Weber<\/p>\r\n\r\n<p><strong>Incorporation:<\/strong><br \/>\r\nRegistration in the commercial register.<br \/>\r\nRegister court: Frankfurt am Main<br \/>\r\nRegister number: 98529<\/p>\r\n\r\n<p><strong>Tax ID:<\/strong><br \/>\r\nSales tax identification number according to \u00a727 a sales tax law: DE293824859<\/p>\r\n\r\n<p>&nbsp;<\/p>\r\n\r\n<h3><strong>Disclaimer:<\/strong><\/h3>\r\n\r\n<p>Far far away, behind the word mountains, far from the countries Vokalia and Consonantia, there live the blind texts. Separated they live in Bookmarksgrove right at the coast of the Semantics, a large language ocean. A small river named Duden flows by their place and supplies it with the necessary regelialia. It is a paradisematic country, in which roasted parts of sentences fly into your mouth. Even the all-powerful Pointing has no control about the blind texts it is an almost unorthographic life One day however a small line of blind text by the name of Lorem Ipsum decided to leave for the far World of Grammar. The Big Oxmox advised her not to do so, because there were thousands of bad Commas, wild Question Marks and devious Semikoli, but the Little Blind Text didn\u2019t listen. She packed her seven versalia, put her initial into the belt and made herself on the way. When she reached the first hills of the Italic Mountains, she had a last view back on the skyline of her hometown Bookmarksgrove, the headline of Alphabet Village and the subline of her own road, the Line Lane. Pityful a rethoric question ran over her cheek, then she continued her way. On her way she met a copy.&nbsp;<\/p>\r\n",
            "format": "rich_text",
            "processed": "<h2><strong>1xINTERNET GmbH<\/strong><\/h2>\n\n<p><strong>Office address\u00a0Frankfurt \/ Germany:<\/strong><br \/>\nSeelenberger Str. 2<br \/>\n60489 Frankfurt<\/p>\n\n<p>Tel: \u00a0+49 69 97 67 11 50<br \/>\nE-Mail: office@1xinternet.de<\/p>\n\n<p><strong>Office address Reykjavik \/ Island:<\/strong><br \/>\nLaugavegi 182<br \/>\n105 Reykjav\u00edk<\/p>\n\n<p>Tel: \u00a0+354 545 5400<br \/>\nE-Mail: office@1xinternet.de<\/p>\n\n<p><strong>The company is represented by:<\/strong><br \/>\nDr. Christoph Breidert<br \/>\nBjarney Breidert<br \/>\nStefan Weber<\/p>\n\n<p><strong>Incorporation:<\/strong><br \/>\nRegistration in the commercial register.<br \/>\nRegister court: Frankfurt am Main<br \/>\nRegister number: 98529<\/p>\n\n<p><strong>Tax ID:<\/strong><br \/>\nSales tax identification number according to \u00a727 a sales tax law: DE293824859<\/p>\n\n<p>\u00a0<\/p>\n\n<h3><strong>Disclaimer:<\/strong><\/h3>\n\n<p>Far far away, behind the word mountains, far from the countries Vokalia and Consonantia, there live the blind texts. Separated they live in Bookmarksgrove right at the coast of the Semantics, a large language ocean. A small river named Duden flows by their place and supplies it with the necessary regelialia. It is a paradisematic country, in which roasted parts of sentences fly into your mouth. Even the all-powerful Pointing has no control about the blind texts it is an almost unorthographic life One day however a small line of blind text by the name of Lorem Ipsum decided to leave for the far World of Grammar. The Big Oxmox advised her not to do so, because there were thousands of bad Commas, wild Question Marks and devious Semikoli, but the Little Blind Text didn\u2019t listen. She packed her seven versalia, put her initial into the belt and made herself on the way. When she reached the first hills of the Italic Mountains, she had a last view back on the skyline of her hometown Bookmarksgrove, the headline of Alphabet Village and the subline of her own road, the Line Lane. Pityful a rethoric question ran over her cheek, then she continued her way. On her way she met a copy.\u00a0<\/p>\n"
        }
    ]
}
