{
    "_links": {
        "self": {
            "href": ""
        },
        "type": {
            "href": "http:\/\/drupal.org\/rest\/type\/paragraph\/page_reference"
        },
        "http:\/\/drupal.org\/rest\/relation\/paragraph\/page_reference\/uid": [
            {
                "href": "http:\/\/default\/en\/user\/1?_format=hal_json",
                "lang": "en"
            }
        ],
        "http:\/\/drupal.org\/rest\/relation\/paragraph\/page_reference\/revision_uid": [
            {
                "href": "http:\/\/default\/en\/user\/1?_format=hal_json"
            }
        ],
        "http:\/\/drupal.org\/rest\/relation\/paragraph\/page_reference\/field_page_reference": [
            {
                "href": "http:\/\/default\/en\/page\/frontpage?_format=hal_json"
            },
            {
                "href": "http:\/\/default\/en\/page\/contact-page?_format=hal_json"
            },
            {
                "href": "http:\/\/default\/en\/page\/frontpage?_format=hal_json"
            }
        ]
    },
    "id": [
        {
            "value": 22
        }
    ],
    "uuid": [
        {
            "value": "92b3e010-02b0-4fef-b430-377c07a31e8a"
        }
    ],
    "revision_id": [
        {
            "value": 580
        }
    ],
    "langcode": [
        {
            "value": "en",
            "lang": "en"
        }
    ],
    "type": [
        {
            "target_id": "page_reference"
        }
    ],
    "_embedded": {
        "http:\/\/drupal.org\/rest\/relation\/paragraph\/page_reference\/uid": [
            {
                "_links": {
                    "self": {
                        "href": "http:\/\/default\/en\/user\/1?_format=hal_json"
                    },
                    "type": {
                        "href": "http:\/\/drupal.org\/rest\/type\/user\/user"
                    }
                },
                "uuid": [
                    {
                        "value": "c755b8f6-b6ea-4afb-8841-0bba56bd4850"
                    }
                ],
                "lang": "en"
            }
        ],
        "http:\/\/drupal.org\/rest\/relation\/paragraph\/page_reference\/revision_uid": [
            {
                "_links": {
                    "self": {
                        "href": "http:\/\/default\/en\/user\/1?_format=hal_json"
                    },
                    "type": {
                        "href": "http:\/\/drupal.org\/rest\/type\/user\/user"
                    }
                },
                "uuid": [
                    {
                        "value": "c755b8f6-b6ea-4afb-8841-0bba56bd4850"
                    }
                ]
            }
        ],
        "http:\/\/drupal.org\/rest\/relation\/paragraph\/page_reference\/field_page_reference": [
            {
                "_links": {
                    "self": {
                        "href": "http:\/\/default\/en\/page\/frontpage?_format=hal_json"
                    },
                    "type": {
                        "href": "http:\/\/drupal.org\/rest\/type\/node\/page"
                    }
                },
                "uuid": [
                    {
                        "value": "a87ebec8-120f-4a73-8c55-a4addec8bbc3"
                    }
                ]
            },
            {
                "_links": {
                    "self": {
                        "href": "http:\/\/default\/en\/page\/contact-page?_format=hal_json"
                    },
                    "type": {
                        "href": "http:\/\/drupal.org\/rest\/type\/node\/page"
                    }
                },
                "uuid": [
                    {
                        "value": "0eb78758-1305-4d99-9007-33d10fb8f0af"
                    }
                ]
            },
            {
                "_links": {
                    "self": {
                        "href": "http:\/\/default\/en\/page\/frontpage?_format=hal_json"
                    },
                    "type": {
                        "href": "http:\/\/drupal.org\/rest\/type\/node\/page"
                    }
                },
                "uuid": [
                    {
                        "value": "a87ebec8-120f-4a73-8c55-a4addec8bbc3"
                    }
                ]
            }
        ]
    },
    "status": [
        {
            "value": true,
            "lang": "en"
        }
    ],
    "created": [
        {
            "value": "2019-01-11T08:11:43+00:00",
            "lang": "en",
            "format": "Y-m-d\\TH:i:sP"
        }
    ],
    "parent_id": [
        {
            "value": "2"
        }
    ],
    "parent_type": [
        {
            "value": "node"
        }
    ],
    "parent_field_name": [
        {
            "value": "field_content_paragraphs"
        }
    ],
    "behavior_settings": [
        {
            "value": {
                "paragraph_width": {
                    "width": "wide"
                }
            }
        }
    ],
    "default_langcode": [
        {
            "value": true,
            "lang": "en"
        }
    ],
    "field_title": [
        {
            "value": "Page reference paragraph",
            "lang": "en"
        }
    ]
}
