{
    "_links": {
        "self": {
            "href": ""
        },
        "type": {
            "href": "http:\/\/drupal.org\/rest\/type\/paragraph\/text"
        },
        "http:\/\/drupal.org\/rest\/relation\/paragraph\/text\/uid": [
            {
                "href": "http:\/\/default\/en\/user\/1?_format=hal_json",
                "lang": "en"
            }
        ],
        "http:\/\/drupal.org\/rest\/relation\/paragraph\/text\/revision_uid": [
            {
                "href": "http:\/\/default\/en\/user\/1?_format=hal_json"
            }
        ]
    },
    "id": [
        {
            "value": 27
        }
    ],
    "uuid": [
        {
            "value": "96792824-10db-491b-95e2-3c17da9cec7c"
        }
    ],
    "revision_id": [
        {
            "value": 422
        }
    ],
    "langcode": [
        {
            "value": "en",
            "lang": "en"
        }
    ],
    "type": [
        {
            "target_id": "text"
        }
    ],
    "_embedded": {
        "http:\/\/drupal.org\/rest\/relation\/paragraph\/text\/uid": [
            {
                "_links": {
                    "self": {
                        "href": "http:\/\/default\/en\/user\/1?_format=hal_json"
                    },
                    "type": {
                        "href": "http:\/\/drupal.org\/rest\/type\/user\/user"
                    }
                },
                "uuid": [
                    {
                        "value": "c755b8f6-b6ea-4afb-8841-0bba56bd4850"
                    }
                ],
                "lang": "en"
            }
        ],
        "http:\/\/drupal.org\/rest\/relation\/paragraph\/text\/revision_uid": [
            {
                "_links": {
                    "self": {
                        "href": "http:\/\/default\/en\/user\/1?_format=hal_json"
                    },
                    "type": {
                        "href": "http:\/\/drupal.org\/rest\/type\/user\/user"
                    }
                },
                "uuid": [
                    {
                        "value": "c755b8f6-b6ea-4afb-8841-0bba56bd4850"
                    }
                ]
            }
        ]
    },
    "status": [
        {
            "value": true,
            "lang": "en"
        }
    ],
    "created": [
        {
            "value": "2019-01-11T08:24:48+00:00",
            "lang": "en",
            "format": "Y-m-d\\TH:i:sP"
        }
    ],
    "parent_id": [
        {
            "value": "3"
        }
    ],
    "parent_type": [
        {
            "value": "node"
        }
    ],
    "parent_field_name": [
        {
            "value": "field_content_paragraphs"
        }
    ],
    "behavior_settings": [
        {
            "value": {
                "paragraph_width": {
                    "width": "wide"
                }
            }
        }
    ],
    "default_langcode": [
        {
            "value": true,
            "lang": "en"
        }
    ],
    "field_text": [
        {
            "value": "<address><strong>1xINTERNET GmbH<\/strong><br \/>\r\nSeelenberger Str. 2<br \/>\r\n60489 Frankfurt (D)<\/address>\r\n\r\n<p>Phone:&nbsp;<a href=\"tel:\/\/+496997671150\">+49 69 976 711 50<\/a><br \/>\r\nEmail:&nbsp;<a href=\"mailto:\/\/office@1xinternet.de\">office@1xinternet.de<\/a><\/p>\r\n",
            "format": "rich_text",
            "processed": "<address><strong>1xINTERNET GmbH<\/strong><br \/>\nSeelenberger Str. 2<br \/>\n60489 Frankfurt (D)<\/address>\n\n<p>Phone:\u00a0<a href=\"tel:\/\/+496997671150\">+49 69 976 711 50<\/a><br \/>\nEmail:\u00a0<a href=\"mailto:\/\/office@1xinternet.de\">office@1xinternet.de<\/a><\/p>\n"
        }
    ],
    "field_title": [
        {
            "value": "Get in touch"
        }
    ]
}