{
    "_links": {
        "self": {
            "href": ""
        },
        "type": {
            "href": "http:\/\/drupal.org\/rest\/type\/paragraph\/text"
        },
        "http:\/\/drupal.org\/rest\/relation\/paragraph\/text\/uid": [
            {
                "href": "http:\/\/default\/en\/user\/1?_format=hal_json",
                "lang": "en"
            }
        ],
        "http:\/\/drupal.org\/rest\/relation\/paragraph\/text\/revision_uid": [
            {
                "href": "http:\/\/default\/en\/user\/1?_format=hal_json"
            }
        ]
    },
    "id": [
        {
            "value": 5
        }
    ],
    "uuid": [
        {
            "value": "999b7e34-8f92-4f3a-85cd-603d5823db2d"
        }
    ],
    "revision_id": [
        {
            "value": 618
        }
    ],
    "langcode": [
        {
            "value": "en",
            "lang": "en"
        }
    ],
    "type": [
        {
            "target_id": "text"
        }
    ],
    "_embedded": {
        "http:\/\/drupal.org\/rest\/relation\/paragraph\/text\/uid": [
            {
                "_links": {
                    "self": {
                        "href": "http:\/\/default\/en\/user\/1?_format=hal_json"
                    },
                    "type": {
                        "href": "http:\/\/drupal.org\/rest\/type\/user\/user"
                    }
                },
                "uuid": [
                    {
                        "value": "c755b8f6-b6ea-4afb-8841-0bba56bd4850"
                    }
                ],
                "lang": "en"
            }
        ],
        "http:\/\/drupal.org\/rest\/relation\/paragraph\/text\/revision_uid": [
            {
                "_links": {
                    "self": {
                        "href": "http:\/\/default\/en\/user\/1?_format=hal_json"
                    },
                    "type": {
                        "href": "http:\/\/drupal.org\/rest\/type\/user\/user"
                    }
                },
                "uuid": [
                    {
                        "value": "c755b8f6-b6ea-4afb-8841-0bba56bd4850"
                    }
                ]
            }
        ]
    },
    "status": [
        {
            "value": true,
            "lang": "en"
        }
    ],
    "created": [
        {
            "value": "2019-01-10T17:27:42+00:00",
            "lang": "en",
            "format": "Y-m-d\\TH:i:sP"
        }
    ],
    "parent_id": [
        {
            "value": "1"
        }
    ],
    "parent_type": [
        {
            "value": "node"
        }
    ],
    "parent_field_name": [
        {
            "value": "field_content_paragraphs"
        }
    ],
    "behavior_settings": [
        {
            "value": {
                "paragraph_width": {
                    "width": "wide"
                }
            }
        }
    ],
    "default_langcode": [
        {
            "value": true,
            "lang": "en"
        }
    ],
    "field_text": [
        {
            "value": "<h2>A product brought to you by 1xINTERNET.<\/h2>\r\n\r\n<h3>Ready to take your digital experiences to the next level?<\/h3>\r\n\r\n<p>Find out more about this and other interesting projects in <a href=\"http:\/\/1xinternet.de\">1xinternet.de<\/a><\/p>\r\n",
            "format": "rich_text",
            "processed": "<h2>A product brought to you by 1xINTERNET.<\/h2>\n\n<h3>Ready to take your digital experiences to the next level?<\/h3>\n\n<p>Find out more about this and other interesting projects in <a href=\"http:\/\/1xinternet.de\">1xinternet.de<\/a><\/p>\n"
        }
    ]
}