{
  "_links": {
    "self": {
      "href": ""
    },
    "type": {
      "href": "http:\/\/drupal.org\/rest\/type\/paragraph\/social_media"
    },
    "http:\/\/drupal.org\/rest\/relation\/paragraph\/social_media\/field_media": [
      {
        "href": "http:\/\/default\/media\/social-media\/our-office-conil-beach-can-you-hear-sound-ocean?_format=hal_json"
      }
    ]
  },
  "id": [
    {
      "value": 52
    }
  ],
  "uuid": [
    {
      "value": "9b34de04-2cb6-4d64-b10c-b610129ec965"
    }
  ],
  "revision_id": [
    {
      "value": 752
    }
  ],
  "langcode": [
    {
      "value": "en",
      "lang": "en"
    }
  ],
  "type": [
    {
      "target_id": "media"
    }
  ],
  "status": [
    {
      "value": true,
      "lang": "en"
    }
  ],
  "created": [
    {
      "value": "2019-10-25T15:15:03+00:00",
      "lang": "en",
      "format": "Y-m-d\\TH:i:sP"
    }
  ],
  "parent_id": [
    {
      "value": "1"
    }
  ],
  "parent_type": [
    {
      "value": "node"
    }
  ],
  "parent_field_name": [
    {
      "value": "field_content_paragraphs"
    }
  ],
  "behavior_settings": [
    {
      "value": {
        "paragraph_width": {
          "width": "wide"
        }
      }
    }
  ],
  "default_langcode": [
    {
      "value": true,
      "lang": "en"
    }
  ],
  "_embedded": {
    "http:\/\/drupal.org\/rest\/relation\/paragraph\/social_media\/field_media": [
      {
        "_links": {
          "self": {
            "href": "http:\/\/default\/media\/social-media\/our-office-conil-beach-can-you-hear-sound-ocean?_format=hal_json"
          },
          "type": {
            "href": "http:\/\/drupal.org\/rest\/type\/media\/social_media"
          }
        },
        "uuid": [
          {
            "value": "4dc46faa-06a5-4829-9a82-4ae9e1433a8b"
          }
        ]
      }
    ]
  },
  "field_title": [
    {
      "value": "Check out our office in Spain",
      "lang": "en"
    }
  ]
}
