{
    "_links": {
        "self": {
            "href": ""
        },
        "type": {
            "href": "http:\/\/drupal.org\/rest\/type\/paragraph\/image_text"
        },
        "http:\/\/drupal.org\/rest\/relation\/paragraph\/image_text\/field_image": [
            {
                "href": "http:\/\/default\/media\/image\/computer-bw?_format=hal_json",
                "lang": "en"
            }
        ]
    },
    "id": [
        {
            "value": 54
        }
    ],
    "uuid": [
        {
            "value": "ae3854fc-c74f-4169-82c0-36263068d31e"
        }
    ],
    "revision_id": [
        {
            "value": 780
        }
    ],
    "langcode": [
        {
            "value": "en",
            "lang": "en"
        }
    ],
    "type": [
        {
            "target_id": "image_text"
        }
    ],
    "status": [
        {
            "value": true,
            "lang": "en"
        }
    ],
    "created": [
        {
            "value": "2020-01-17T14:41:26+00:00",
            "lang": "en",
            "format": "Y-m-d\\TH:i:sP"
        }
    ],
    "parent_id": [
        {
            "value": "2"
        }
    ],
    "parent_type": [
        {
            "value": "node"
        }
    ],
    "parent_field_name": [
        {
            "value": "field_content_paragraphs"
        }
    ],
    "behavior_settings": [
        {
            "value": {
                "paragraph_image_position": {
                    "image_position": "image_left"
                }
            }
        }
    ],
    "default_langcode": [
        {
            "value": true,
            "lang": "en"
        }
    ],
    "_embedded": {
        "http:\/\/drupal.org\/rest\/relation\/paragraph\/image_text\/field_image": [
            {
                "_links": {
                    "self": {
                        "href": "http:\/\/default\/media\/image\/computer-bw?_format=hal_json"
                    },
                    "type": {
                        "href": "http:\/\/drupal.org\/rest\/type\/media\/image"
                    }
                },
                "uuid": [
                    {
                        "value": "16a505f6-f882-4172-99aa-9d2b1fb42b69"
                    }
                ],
                "lang": "en"
            }
        ]
    },
    "field_text": [
        {
            "value": "<p><strong>We turn your concept into a dynamic web application<\/strong><\/p>\r\n\r\n<p>1xInternet is Premium Supporting Partner of Drupal and one of the leading Drupal agencies in Germany.</p>\r\n",
            "format": "rich_text",
            "processed": "<p><strong>We turn your concept into a dynamic web application<\/strong><\/p>\n<p>1xInternet is Premium Supporting Partner of Drupal and one of the leading Drupal agencies in Germany.</p>\n",
            "lang": "en"
        }
    ],
    "field_title": [
        {
            "value": "Web development",
            "lang": "en"
        }
    ]
}
