{
    "_links": {
        "self": {
            "href": ""
        },
        "type": {
            "href": "http:\/\/drupal.org\/rest\/type\/paragraph\/file"
        },
        "http:\/\/drupal.org\/rest\/relation\/paragraph\/file\/uid": [
            {
                "href": "http:\/\/default\/en\/user\/1?_format=hal_json",
                "lang": "en"
            }
        ],
        "http:\/\/drupal.org\/rest\/relation\/paragraph\/file\/revision_uid": [
            {
                "href": "http:\/\/default\/en\/user\/1?_format=hal_json"
            }
        ],
        "http:\/\/drupal.org\/rest\/relation\/paragraph\/file\/field_media": [
            {
                "href": "http:\/\/default\/en\/media\/file\/test-file?_format=hal_json"
            }
        ]
    },
    "id": [
        {
            "value": 16
        }
    ],
    "uuid": [
        {
            "value": "b3f307fc-44a8-496f-bbd0-fb8b935e9cff"
        }
    ],
    "revision_id": [
        {
            "value": 574
        }
    ],
    "langcode": [
        {
            "value": "en",
            "lang": "en"
        }
    ],
    "type": [
        {
            "target_id": "media"
        }
    ],
    "_embedded": {
        "http:\/\/drupal.org\/rest\/relation\/paragraph\/file\/uid": [
            {
                "_links": {
                    "self": {
                        "href": "http:\/\/default\/en\/user\/1?_format=hal_json"
                    },
                    "type": {
                        "href": "http:\/\/drupal.org\/rest\/type\/user\/user"
                    }
                },
                "uuid": [
                    {
                        "value": "c755b8f6-b6ea-4afb-8841-0bba56bd4850"
                    }
                ],
                "lang": "en"
            }
        ],
        "http:\/\/drupal.org\/rest\/relation\/paragraph\/file\/revision_uid": [
            {
                "_links": {
                    "self": {
                        "href": "http:\/\/default\/en\/user\/1?_format=hal_json"
                    },
                    "type": {
                        "href": "http:\/\/drupal.org\/rest\/type\/user\/user"
                    }
                },
                "uuid": [
                    {
                        "value": "c755b8f6-b6ea-4afb-8841-0bba56bd4850"
                    }
                ]
            }
        ],
        "http:\/\/drupal.org\/rest\/relation\/paragraph\/file\/field_media": [
            {
                "_links": {
                    "self": {
                        "href": "http:\/\/default\/en\/media\/file\/test-file?_format=hal_json"
                    },
                    "type": {
                        "href": "http:\/\/drupal.org\/rest\/type\/media\/file"
                    }
                },
                "uuid": [
                    {
                        "value": "ab64e20f-60d2-4b49-bdbe-738eb6c5e77d"
                    }
                ]
            }
        ]
    },
    "status": [
        {
            "value": true,
            "lang": "en"
        }
    ],
    "created": [
        {
            "value": "2019-01-10T17:53:29+00:00",
            "lang": "en",
            "format": "Y-m-d\\TH:i:sP"
        }
    ],
    "parent_id": [
        {
            "value": "2"
        }
    ],
    "parent_type": [
        {
            "value": "node"
        }
    ],
    "parent_field_name": [
        {
            "value": "field_content_paragraphs"
        }
    ],
    "behavior_settings": [
        {
            "value": {
                "paragraph_width": {
                    "width": "wide"
                }
            }
        }
    ],
    "default_langcode": [
        {
            "value": true,
            "lang": "en"
        }
    ],
    "field_title": [
        {
            "value": "Media paragraph - File",
            "lang": "en"
        }
    ]
}
