{
  "_links": {
    "self": {
      "href": ""
    },
    "type": {
      "href": "http:\/\/drupal.org\/rest\/type\/paragraph\/teaser_box"
    },
    "http:\/\/drupal.org\/rest\/relation\/paragraph\/teaser_box\/field_teasers": [
      {
        "href": "http:\/\/default\/admin\/content\/teaser_entity\/1?_format=hal_json"
      },
      {
        "href": "http:\/\/default\/admin\/content\/teaser_entity\/2?_format=hal_json"
      },
      {
        "href": "http:\/\/default\/admin\/content\/teaser_entity\/3?_format=hal_json"
      }
    ]
  },
  "id": [
    {
      "value": 53
    }
  ],
  "uuid": [
    {
      "value": "b8855e1d-b83e-4fac-8006-020777a58bdc"
    }
  ],
  "revision_id": [
    {
      "value": 763
    }
  ],
  "langcode": [
    {
      "value": "en",
      "lang": "en"
    }
  ],
  "type": [
    {
      "target_id": "teaser_box"
    }
  ],
  "status": [
    {
      "value": true,
      "lang": "en"
    }
  ],
  "created": [
    {
      "value": "2019-10-28T08:50:56+00:00",
      "lang": "en",
      "format": "Y-m-d\\TH:i:sP"
    }
  ],
  "parent_id": [
    {
      "value": "1"
    }
  ],
  "parent_type": [
    {
      "value": "node"
    }
  ],
  "parent_field_name": [
    {
      "value": "field_content_paragraphs"
    }
  ],
  "behavior_settings": [
    {
      "value": {
        "paragraph_teaser_layout": {
          "teaser_layout": "block_of_three"
        }
      }
    }
  ],
  "default_langcode": [
    {
      "value": true,
      "lang": "en"
    }
  ],
  "field_link": [
    {
      "uri": "https:\/\/www.1xinternet.de\/en#solutions",
      "title": "Check this out!",
      "options": []
    }
  ],
  "_embedded": {
    "http:\/\/drupal.org\/rest\/relation\/paragraph\/teaser_box\/field_teasers": [
      {
        "_links": {
          "self": {
            "href": "http:\/\/default\/admin\/content\/teaser_entity\/1?_format=hal_json"
          },
          "type": {
            "href": "http:\/\/drupal.org\/rest\/type\/teaser_entity\/teaser_entity"
          }
        },
        "uuid": [
          {
            "value": "857b46f9-55fd-49fd-b324-4678dd3f2de7"
          }
        ]
      },
      {
        "_links": {
          "self": {
            "href": "http:\/\/default\/admin\/content\/teaser_entity\/2?_format=hal_json"
          },
          "type": {
            "href": "http:\/\/drupal.org\/rest\/type\/teaser_entity\/teaser_entity"
          }
        },
        "uuid": [
          {
            "value": "30ddcb5a-0ced-41da-967b-09c2637bbc1e"
          }
        ]
      },
      {
        "_links": {
          "self": {
            "href": "http:\/\/default\/admin\/content\/teaser_entity\/3?_format=hal_json"
          },
          "type": {
            "href": "http:\/\/drupal.org\/rest\/type\/teaser_entity\/teaser_entity"
          }
        },
        "uuid": [
          {
            "value": "32c0e4d4-ba2f-4b15-bb52-38b640a28712"
          }
        ]
      }
    ]
  },
  "field_title": [
    {
      "value": "Solutions"
    }
  ]
}
