{
    "_links": {
        "self": {
            "href": ""
        },
        "type": {
            "href": "http:\/\/drupal.org\/rest\/type\/paragraph\/accordion"
        },
        "http:\/\/drupal.org\/rest\/relation\/paragraph\/accordion\/field_accordion_items": [
            {
                "href": ""
            },
            {
                "href": ""
            },
            {
                "href": ""
            }
        ]
    },
    "id": [
        {
            "value": 48
        }
    ],
    "uuid": [
        {
            "value": "cf8e8306-1dde-4f06-821b-f493b4d92d37"
        }
    ],
    "revision_id": [
        {
            "value": 637
        }
    ],
    "langcode": [
        {
            "value": "en",
            "lang": "en"
        }
    ],
    "type": [
        {
            "target_id": "accordion"
        }
    ],
    "status": [
        {
            "value": true,
            "lang": "en"
        }
    ],
    "created": [
        {
            "value": "2019-04-09T15:25:34+00:00",
            "lang": "en",
            "format": "Y-m-d\\TH:i:sP"
        }
    ],
    "parent_id": [
        {
            "value": "13"
        }
    ],
    "parent_type": [
        {
            "value": "node"
        }
    ],
    "parent_field_name": [
        {
            "value": "field_content_paragraphs"
        }
    ],
    "behavior_settings": [
        {
            "value": []
        }
    ],
    "default_langcode": [
        {
            "value": true,
            "lang": "en"
        }
    ],
    "_embedded": {
        "http:\/\/drupal.org\/rest\/relation\/paragraph\/accordion\/field_accordion_items": [
            {
                "_links": {
                    "self": {
                        "href": ""
                    },
                    "type": {
                        "href": "http:\/\/drupal.org\/rest\/type\/paragraph\/accordion_item"
                    }
                },
                "uuid": [
                    {
                        "value": "28e96a8f-035b-4c01-bafc-4f0fc9ebd33b"
                    }
                ],
                "target_revision_id": "634"
            },
            {
                "_links": {
                    "self": {
                        "href": ""
                    },
                    "type": {
                        "href": "http:\/\/drupal.org\/rest\/type\/paragraph\/accordion_item"
                    }
                },
                "uuid": [
                    {
                        "value": "e0032380-6153-49da-a073-4245036afd93"
                    }
                ],
                "target_revision_id": "635"
            },
            {
                "_links": {
                    "self": {
                        "href": ""
                    },
                    "type": {
                        "href": "http:\/\/drupal.org\/rest\/type\/paragraph\/accordion_item"
                    }
                },
                "uuid": [
                    {
                        "value": "06df9cc7-7d46-4758-bc6a-a14f5aa3e3dd"
                    }
                ],
                "target_revision_id": "636"
            }
        ]
    },
    "field_text": [
        {
            "value": "<p>FAQ accordion description.<\/p>\r\n",
            "format": "rich_text",
            "processed": "<p>FAQ accordion description.<\/p>",
            "lang": "en"
        }
    ],
    "field_title": [
        {
            "value": "FAQ accordion title",
            "lang": "en"
        }
    ]
}
