{
  "_links": {
    "self": {
      "href": ""
    },
    "type": {
      "href": "http:\/\/drupal.org\/rest\/type\/paragraph\/block_reference"
    }
  },
  "id": [
    {
      "value": 51
    }
  ],
  "uuid": [
    {
      "value": "e39a05ad-254a-433e-9a2a-87c7191b2625"
    }
  ],
  "revision_id": [
    {
      "value": 746
    }
  ],
  "langcode": [
    {
      "value": "en",
      "lang": "en"
    }
  ],
  "type": [
    {
      "target_id": "block_reference"
    }
  ],
  "status": [
    {
      "value": true
    }
  ],
  "created": [
    {
      "value": "2019-07-30T08:02:19+00:00",
      "format": "Y-m-d\\TH:i:sP"
    }
  ],
  "parent_id": [
    {
      "value": "2"
    }
  ],
  "parent_type": [
    {
      "value": "node"
    }
  ],
  "parent_field_name": [
    {
      "value": "field_sidebar_paragraphs"
    }
  ],
  "behavior_settings": [
    {
      "value": []
    }
  ],
  "default_langcode": [
    {
      "value": true,
      "lang": "en"
    }
  ],
  "field_block_reference": [
    {
      "plugin_id": "toc_js_block",
      "settings": {
        "id": "toc_js_block",
        "label": "Toc.js block",
        "provider": "toc_js",
        "label_display": false,
        "title": "Table of content",
        "selectors": "h2, h3",
        "selectors_minimum": "0",
        "container": ".content",
        "prefix": "toc",
        "list_type": "ul",
        "back_to_top": 0,
        "back_to_top_label": "Back to top",
        "smooth_scrolling": 1,
        "scroll_to_offset": "100",
        "highlight_on_scroll": 1,
        "highlight_offset": "100",
        "sticky": 0,
        "sticky_offset": "0",
        "sticky_stop": "",
        "sticky_stop_padding": "0"
      }
    }
  ]
}
