{"version":1,"timestamp":1589234320468,"graph":{"options":{"directed":true,"multigraph":false,"compound":false},"nodes":[{"v":"05-pages-demo/article.twig","value":{"compileState":"clean"}},{"v":"05-pages-demo/event.twig","value":{"compileState":"clean"}},{"v":"05-pages-demo/homepage.twig","value":{"compileState":"clean"}},{"v":"05-pages-demo/news.twig","value":{"compileState":"clean"}},{"v":"00-protons-demo/_demo-block.twig","value":{"compileState":"clean","lineagePattern":"templates-demo-sidebars","lineagePath":"../../patterns/04-templates-demo-sidebar-sidebars/04-templates-demo-sidebar-sidebars.rendered.html"}},{"v":"00-protons-demo/borders.twig","value":{"compileState":"clean"}},{"v":"00-protons-demo/breakpoints.twig","value":{"compileState":"clean"}},{"v":"00-protons-demo/colors.twig","value":{"compileState":"clean"}},{"v":"00-protons-demo/spacing.twig","value":{"compileState":"clean"}},{"v":"00-protons-demo/tables.twig","value":{"compileState":"clean"}},{"v":"00-protons-demo/type.twig","value":{"compileState":"clean"}},{"v":"00-protons-demo/welcome.twig","value":{"compileState":"clean"}},{"v":"04-templates-demo/site-container.twig","value":{"compileState":"clean"}},{"v":"03-organisms-demo/article/articles.twig","value":{"compileState":"clean"}},{"v":"03-organisms-demo/accordion/accordions.twig","value":{"compileState":"clean"}},{"v":"03-organisms-demo/footer/footers.twig","value":{"compileState":"clean"}},{"v":"03-organisms-demo/image-text/image-texts.twig","value":{"compileState":"clean"}},{"v":"03-organisms-demo/menu/menus.twig","value":{"compileState":"clean"}},{"v":"03-organisms-demo/navbar/navbars.twig","value":{"compileState":"clean"}},{"v":"01-atoms-demo/alert/alerts.twig","value":{"compileState":"clean"}},{"v":"01-atoms-demo/badge/badges.twig","value":{"compileState":"clean"}},{"v":"01-atoms-demo/branding/brandings.twig","value":{"compileState":"clean"}},{"v":"01-atoms-demo/breadcrumb/breadcrumbs.twig","value":{"compileState":"clean"}},{"v":"01-atoms-demo/dropdown/dropdowns.twig","value":{"compileState":"clean"}},{"v":"01-atoms-demo/button/buttons.twig","value":{"compileState":"clean"}},{"v":"01-atoms-demo/grid/grid-demo.twig","value":{"compileState":"clean"}},{"v":"01-atoms-demo/grid/layout-demo.twig","value":{"compileState":"clean"}},{"v":"01-atoms-demo/icon/icons.twig","value":{"compileState":"clean"}},{"v":"01-atoms-demo/image/images.twig","value":{"compileState":"clean"}},{"v":"01-atoms-demo/input/inputs.twig","value":{"compileState":"clean"}},{"v":"01-atoms-demo/svg/svgs.twig","value":{"compileState":"clean"}},{"v":"04-templates-demo/sidebar/sidebars.twig","value":{"compileState":"clean"}},{"v":"04-templates-demo/grid/grids.twig","value":{"compileState":"clean"}},{"v":"02-molecules-demo/card/cards.twig","value":{"compileState":"clean"}},{"v":"02-molecules-demo/form-group/form-groups.twig","value":{"compileState":"clean"}},{"v":"02-molecules-demo/carousel/carousels.twig","value":{"compileState":"clean"}},{"v":"02-molecules-demo/nav/navs.twig","value":{"compileState":"clean"}},{"v":"02-molecules-demo/lightbox/lightboxs.twig","value":{"compileState":"clean"}},{"v":"02-molecules-demo/pagination/paginations.twig","value":{"compileState":"clean"}},{"v":"02-molecules-demo/text/texts.twig","value":{"compileState":"clean"}}],"edges":[{"v":"01-atoms-demo/image/images.twig","w":"00-protons-demo/_demo-block.twig","value":{}},{"v":"01-atoms-demo/input/inputs.twig","w":"00-protons-demo/_demo-block.twig","value":{}},{"v":"01-atoms-demo/svg/svgs.twig","w":"00-protons-demo/_demo-block.twig","value":{}},{"v":"02-molecules-demo/lightbox/lightboxs.twig","w":"00-protons-demo/_demo-block.twig","value":{}},{"v":"02-molecules-demo/form-group/form-groups.twig","w":"00-protons-demo/_demo-block.twig","value":{}},{"v":"02-molecules-demo/text/texts.twig","w":"00-protons-demo/_demo-block.twig","value":{}},{"v":"03-organisms-demo/image-text/image-texts.twig","w":"00-protons-demo/_demo-block.twig","value":{}},{"v":"03-organisms-demo/menu/menus.twig","w":"00-protons-demo/_demo-block.twig","value":{}},{"v":"04-templates-demo/grid/grids.twig","w":"00-protons-demo/_demo-block.twig","value":{}},{"v":"04-templates-demo/sidebar/sidebars.twig","w":"00-protons-demo/_demo-block.twig","value":{}}]}}
