{
    "_links": {
        "self": {
            "href": "http:\/\/default\/en\/media\/image\/autumn?_format=hal_json"
        },
        "type": {
            "href": "http:\/\/drupal.org\/rest\/type\/media\/image"
        },
        "http:\/\/drupal.org\/rest\/relation\/media\/image\/thumbnail": [
            {
                "href": "http:\/\/default\/sites\/default\/files\/2019-01\/fall-1072821_0.jpg",
                "lang": "en"
            }
        ],
        "http:\/\/drupal.org\/rest\/relation\/media\/image\/uid": [
            {
                "href": "http:\/\/default\/en\/user\/1?_format=hal_json",
                "lang": "en"
            }
        ],
        "http:\/\/drupal.org\/rest\/relation\/media\/image\/field_media_image": [
            {
                "href": "http:\/\/default\/sites\/default\/files\/2019-01\/fall-1072821_0.jpg",
                "lang": "en"
            }
        ]
    },
    "mid": [
        {
            "value": 5
        }
    ],
    "uuid": [
        {
            "value": "24b61c8d-1e42-43a1-b319-3d3c4bf16038"
        }
    ],
    "vid": [
        {
            "value": 5
        }
    ],
    "langcode": [
        {
            "value": "en",
            "lang": "en"
        }
    ],
    "bundle": [
        {
            "target_id": "image"
        }
    ],
    "revision_created": [
        {
            "value": "2019-01-11T09:20:54+00:00",
            "format": "Y-m-d\\TH:i:sP"
        }
    ],
    "status": [
        {
            "value": true,
            "lang": "en"
        }
    ],
    "name": [
        {
            "value": "Autumn",
            "lang": "en"
        }
    ],
    "_embedded": {
        "http:\/\/drupal.org\/rest\/relation\/media\/image\/thumbnail": [
            {
                "_links": {
                    "self": {
                        "href": "http:\/\/default\/sites\/default\/files\/2019-01\/fall-1072821_0.jpg"
                    },
                    "type": {
                        "href": "http:\/\/drupal.org\/rest\/type\/file\/file"
                    }
                },
                "uuid": [
                    {
                        "value": "f2ad43c8-c7a5-4fb3-9a0a-9b3bf61b5d77"
                    }
                ],
                "lang": "en",
                "alt": "Thumbnail",
                "title": "Autumn",
                "width": "3456",
                "height": "2304"
            }
        ],
        "http:\/\/drupal.org\/rest\/relation\/media\/image\/uid": [
            {
                "_links": {
                    "self": {
                        "href": "http:\/\/default\/en\/user\/1?_format=hal_json"
                    },
                    "type": {
                        "href": "http:\/\/drupal.org\/rest\/type\/user\/user"
                    }
                },
                "uuid": [
                    {
                        "value": "c755b8f6-b6ea-4afb-8841-0bba56bd4850"
                    }
                ],
                "lang": "en"
            }
        ],
        "http:\/\/drupal.org\/rest\/relation\/media\/image\/field_media_image": [
            {
                "_links": {
                    "self": {
                        "href": "http:\/\/default\/sites\/default\/files\/2019-01\/fall-1072821_0.jpg"
                    },
                    "type": {
                        "href": "http:\/\/drupal.org\/rest\/type\/file\/file"
                    }
                },
                "uuid": [
                    {
                        "value": "f2ad43c8-c7a5-4fb3-9a0a-9b3bf61b5d77"
                    }
                ],
                "lang": "en",
                "alt": "Autumn",
                "title": "",
                "width": "3456",
                "height": "2304"
            }
        ]
    },
    "created": [
        {
            "value": "2019-01-10T17:14:16+00:00",
            "lang": "en",
            "format": "Y-m-d\\TH:i:sP"
        }
    ],
    "changed": [
        {
            "value": "2019-01-10T17:14:31+00:00",
            "lang": "en",
            "format": "Y-m-d\\TH:i:sP"
        }
    ],
    "default_langcode": [
        {
            "value": true,
            "lang": "en"
        }
    ],
    "metatag": [
        {
            "value": {
                "title": "| 1xdx",
                "canonical_url": "http:\/\/default\/node\/1"
            }
        }
    ],
    "path": [
        {
            "alias": "\/media\/image\/autumn",
            "pid": 9,
            "langcode": "en",
            "lang": "en"
        }
    ]
}
