{
    "_links": {
        "self": {
            "href": "http:\/\/default\/media\/image\/andreas-gucklhorn-285567-unsplashjpg?_format=hal_json"
        },
        "type": {
            "href": "http:\/\/drupal.org\/rest\/type\/media\/image"
        },
        "http:\/\/drupal.org\/rest\/relation\/media\/image\/thumbnail": [
            {
                "href": "http:\/\/default\/sites\/default\/files\/images\/2019-04\/andreas-gucklhorn-285567-unsplash.jpg"
            }
        ],
        "http:\/\/drupal.org\/rest\/relation\/media\/image\/uid": [
            {
                "href": "http:\/\/default\/en\/user\/1?_format=hal_json"
            }
        ],
        "http:\/\/drupal.org\/rest\/relation\/media\/image\/field_media_image": [
            {
                "href": "http:\/\/default\/sites\/default\/files\/images\/2019-04\/andreas-gucklhorn-285567-unsplash.jpg",
                "lang": "en"
            }
        ]
    },
    "mid": [
        {
            "value": 15
        }
    ],
    "uuid": [
        {
            "value": "26462d8b-ca74-4dfa-bb2f-bd6afc5bb4da"
        }
    ],
    "vid": [
        {
            "value": 15
        }
    ],
    "langcode": [
        {
            "value": "en",
            "lang": "en"
        }
    ],
    "bundle": [
        {
            "target_id": "image"
        }
    ],
    "revision_created": [
        {
            "value": "2019-04-09T10:14:35+00:00",
            "format": "Y-m-d\\TH:i:sP"
        }
    ],
    "status": [
        {
            "value": true
        }
    ],
    "name": [
        {
            "value": "andreas-gucklhorn-285567-unsplash.jpg",
            "lang": "en"
        }
    ],
    "_embedded": {
        "http:\/\/drupal.org\/rest\/relation\/media\/image\/thumbnail": [
            {
                "_links": {
                    "self": {
                        "href": "http:\/\/default\/sites\/default\/files\/images\/2019-04\/andreas-gucklhorn-285567-unsplash.jpg"
                    },
                    "type": {
                        "href": "http:\/\/drupal.org\/rest\/type\/file\/file"
                    }
                },
                "uuid": [
                    {
                        "value": "b927ebff-fd6c-41cd-9f1c-08ff52e67ae0"
                    }
                ],
                "alt": null,
                "title": null,
                "width": "1024",
                "height": "615"
            }
        ],
        "http:\/\/drupal.org\/rest\/relation\/media\/image\/uid": [
            {
                "_links": {
                    "self": {
                        "href": "http:\/\/default\/en\/user\/1?_format=hal_json"
                    },
                    "type": {
                        "href": "http:\/\/drupal.org\/rest\/type\/user\/user"
                    }
                },
                "uuid": [
                    {
                        "value": "b7274716-a5bf-48e9-be11-672f0fb03403"
                    }
                ]
            }
        ],
        "http:\/\/drupal.org\/rest\/relation\/media\/image\/field_media_image": [
            {
                "_links": {
                    "self": {
                        "href": "http:\/\/default\/sites\/default\/files\/images\/2019-04\/andreas-gucklhorn-285567-unsplash.jpg"
                    },
                    "type": {
                        "href": "http:\/\/drupal.org\/rest\/type\/file\/file"
                    }
                },
                "uuid": [
                    {
                        "value": "b927ebff-fd6c-41cd-9f1c-08ff52e67ae0"
                    }
                ],
                "lang": "en",
                "alt": null,
                "title": null,
                "width": "1024",
                "height": "615"
            }
        ]
    },
    "created": [
        {
            "value": "2019-04-09T10:14:35+00:00",
            "lang": "en",
            "format": "Y-m-d\\TH:i:sP"
        }
    ],
    "changed": [
        {
            "value": "2019-04-09T10:14:35+00:00",
            "format": "Y-m-d\\TH:i:sP"
        }
    ],
    "default_langcode": [
        {
            "value": true,
            "lang": "en"
        }
    ],
    "metatag": [
        {
            "value": {
                "title": "| 1xDx",
                "canonical_url": "http:\/\/default\/node\/1"
            }
        }
    ]
}
