{
    "_links": {
        "self": {
            "href": "http:\/\/default\/media\/bild\/mark-basarab-122141-unsplashjpg?_format=hal_json"
        },
        "type": {
            "href": "http:\/\/drupal.org\/rest\/type\/media\/image"
        },
        "http:\/\/drupal.org\/rest\/relation\/media\/image\/thumbnail": [
            {
                "href": "http:\/\/default\/sites\/default\/files\/images\/2019-04\/mark-basarab-122141-unsplash.jpg"
            }
        ],
        "http:\/\/drupal.org\/rest\/relation\/media\/image\/uid": [
            {
                "href": "http:\/\/default\/en\/user\/1?_format=hal_json"
            }
        ],
        "http:\/\/drupal.org\/rest\/relation\/media\/image\/field_media_image": [
            {
                "href": "http:\/\/default\/sites\/default\/files\/images\/2019-04\/mark-basarab-122141-unsplash.jpg",
                "lang": "en"
            }
        ]
    },
    "mid": [
        {
            "value": 14
        }
    ],
    "uuid": [
        {
            "value": "29209459-8b7e-4673-ab3a-c9017aa997ae"
        }
    ],
    "vid": [
        {
            "value": 14
        }
    ],
    "langcode": [
        {
            "value": "en",
            "lang": "en"
        }
    ],
    "bundle": [
        {
            "target_id": "image"
        }
    ],
    "revision_created": [
        {
            "value": "2019-04-09T10:04:07+00:00",
            "format": "Y-m-d\\TH:i:sP"
        }
    ],
    "status": [
        {
            "value": true
        }
    ],
    "name": [
        {
            "value": "mark-basarab-122141-unsplash.jpg",
            "lang": "en"
        }
    ],
    "_embedded": {
        "http:\/\/drupal.org\/rest\/relation\/media\/image\/thumbnail": [
            {
                "_links": {
                    "self": {
                        "href": "http:\/\/default\/sites\/default\/files\/images\/2019-04\/mark-basarab-122141-unsplash.jpg"
                    },
                    "type": {
                        "href": "http:\/\/drupal.org\/rest\/type\/file\/file"
                    }
                },
                "uuid": [
                    {
                        "value": "36577861-d81f-4259-a99b-0c83d51d0cb5"
                    }
                ],
                "alt": null,
                "title": null,
                "width": "3880",
                "height": "2586"
            }
        ],
        "http:\/\/drupal.org\/rest\/relation\/media\/image\/uid": [
            {
                "_links": {
                    "self": {
                        "href": "http:\/\/default\/en\/user\/1?_format=hal_json"
                    },
                    "type": {
                        "href": "http:\/\/drupal.org\/rest\/type\/user\/user"
                    }
                },
                "uuid": [
                    {
                        "value": "b7274716-a5bf-48e9-be11-672f0fb03403"
                    }
                ]
            }
        ],
        "http:\/\/drupal.org\/rest\/relation\/media\/image\/field_media_image": [
            {
                "_links": {
                    "self": {
                        "href": "http:\/\/default\/sites\/default\/files\/images\/2019-04\/mark-basarab-122141-unsplash.jpg"
                    },
                    "type": {
                        "href": "http:\/\/drupal.org\/rest\/type\/file\/file"
                    }
                },
                "uuid": [
                    {
                        "value": "36577861-d81f-4259-a99b-0c83d51d0cb5"
                    }
                ],
                "lang": "en",
                "alt": null,
                "title": null,
                "width": "3880",
                "height": "2586"
            }
        ]
    },
    "created": [
        {
            "value": "2019-04-09T10:04:07+00:00",
            "lang": "en",
            "format": "Y-m-d\\TH:i:sP"
        }
    ],
    "changed": [
        {
            "value": "2019-04-09T10:04:07+00:00",
            "format": "Y-m-d\\TH:i:sP"
        }
    ],
    "default_langcode": [
        {
            "value": true,
            "lang": "en"
        }
    ],
    "metatag": [
        {
            "value": {
                "title": "| 1xDx",
                "canonical_url": "http:\/\/default\/node\/1"
            }
        }
    ]
}
