{
    "_links": {
        "self": {
            "href": "http:\/\/default\/en\/media\/remote-video\/drupal-europe-2018-driesnote-dries-buytaert?_format=hal_json"
        },
        "type": {
            "href": "http:\/\/drupal.org\/rest\/type\/media\/remote_video"
        },
        "http:\/\/drupal.org\/rest\/relation\/media\/remote_video\/thumbnail": [
            {
                "href": "http:\/\/default\/sites\/default\/files\/oembed_thumbnails\/rTPBWaAsLxk_p9mdnq07QYw3vuhcy1iGBNBC3Beb5bQ.jpg",
                "lang": "en"
            }
        ],
        "http:\/\/drupal.org\/rest\/relation\/media\/remote_video\/uid": [
            {
                "href": "http:\/\/default\/en\/user\/1?_format=hal_json",
                "lang": "en"
            }
        ]
    },
    "mid": [
        {
            "value": 11
        }
    ],
    "uuid": [
        {
            "value": "35b26cdc-aa56-4fa2-9984-fb6a8762a08b"
        }
    ],
    "vid": [
        {
            "value": 11
        }
    ],
    "langcode": [
        {
            "value": "en",
            "lang": "en"
        }
    ],
    "bundle": [
        {
            "target_id": "remote_video"
        }
    ],
    "revision_created": [
        {
            "value": "2019-01-11T09:20:54+00:00",
            "format": "Y-m-d\\TH:i:sP"
        }
    ],
    "status": [
        {
            "value": true,
            "lang": "en"
        }
    ],
    "name": [
        {
            "value": "Drupal Europe 2018 - \"Driesnote\" (by Dries Buytaert)",
            "lang": "en"
        }
    ],
    "_embedded": {
        "http:\/\/drupal.org\/rest\/relation\/media\/remote_video\/thumbnail": [
            {
                "_links": {
                    "self": {
                        "href": "http:\/\/default\/sites\/default\/files\/oembed_thumbnails\/rTPBWaAsLxk_p9mdnq07QYw3vuhcy1iGBNBC3Beb5bQ.jpg"
                    },
                    "type": {
                        "href": "http:\/\/drupal.org\/rest\/type\/file\/file"
                    }
                },
                "uuid": [
                    {
                        "value": "ee0678e6-2d8c-46ba-a1df-f378eb17602f"
                    }
                ],
                "lang": "en",
                "alt": "Thumbnail",
                "title": "Drupal Europe 2018 - \"Driesnote\" (by Dries Buytaert)",
                "width": "480",
                "height": "360"
            }
        ],
        "http:\/\/drupal.org\/rest\/relation\/media\/remote_video\/uid": [
            {
                "_links": {
                    "self": {
                        "href": "http:\/\/default\/en\/user\/1?_format=hal_json"
                    },
                    "type": {
                        "href": "http:\/\/drupal.org\/rest\/type\/user\/user"
                    }
                },
                "uuid": [
                    {
                        "value": "c755b8f6-b6ea-4afb-8841-0bba56bd4850"
                    }
                ],
                "lang": "en"
            }
        ]
    },
    "created": [
        {
            "value": "2019-01-10T17:09:45+00:00",
            "lang": "en",
            "format": "Y-m-d\\TH:i:sP"
        }
    ],
    "changed": [
        {
            "value": "2019-01-10T17:22:46+00:00",
            "lang": "en",
            "format": "Y-m-d\\TH:i:sP"
        }
    ],
    "default_langcode": [
        {
            "value": true,
            "lang": "en"
        }
    ],
    "metatag": [
        {
            "value": {
                "title": "| 1xdx",
                "canonical_url": "http:\/\/default\/node\/1"
            }
        }
    ],
    "path": [
        {
            "alias": "\/media\/remote-video\/drupal-europe-2018-driesnote-dries-buytaert",
            "pid": 11,
            "langcode": "en",
            "lang": "en"
        }
    ],
    "field_media_oembed_video": [
        {
            "value": "https:\/\/youtu.be\/iXB0sNreSlM",
            "lang": "en"
        }
    ]
}
