{
    "_links": {
        "self": {
            "href": "http:\/\/default\/en\/media\/video\/test-video?_format=hal_json"
        },
        "type": {
            "href": "http:\/\/drupal.org\/rest\/type\/media\/video"
        },
        "http:\/\/drupal.org\/rest\/relation\/media\/video\/thumbnail": [
            {
                "href": "http:\/\/default\/sites\/default\/files\/media-icons\/generic\/video.png",
                "lang": "en"
            }
        ],
        "http:\/\/drupal.org\/rest\/relation\/media\/video\/uid": [
            {
                "href": "http:\/\/default\/en\/user\/1?_format=hal_json",
                "lang": "en"
            }
        ],
        "http:\/\/drupal.org\/rest\/relation\/media\/video\/field_media_video_file": [
            {
                "href": "http:\/\/default\/sites\/default\/files\/2019-01\/small_0.mp4",
                "lang": "en"
            }
        ]
    },
    "mid": [
        {
            "value": 12
        }
    ],
    "uuid": [
        {
            "value": "496bbcb9-de4d-4d89-ac42-bd31693eecd8"
        }
    ],
    "vid": [
        {
            "value": 12
        }
    ],
    "langcode": [
        {
            "value": "en",
            "lang": "en"
        }
    ],
    "bundle": [
        {
            "target_id": "video"
        }
    ],
    "revision_created": [
        {
            "value": "2019-01-11T09:20:54+00:00",
            "format": "Y-m-d\\TH:i:sP"
        }
    ],
    "status": [
        {
            "value": true,
            "lang": "en"
        }
    ],
    "name": [
        {
            "value": "Test video",
            "lang": "en"
        }
    ],
    "_embedded": {
        "http:\/\/drupal.org\/rest\/relation\/media\/video\/thumbnail": [
            {
                "_links": {
                    "self": {
                        "href": "http:\/\/default\/sites\/default\/files\/media-icons\/generic\/video.png"
                    },
                    "type": {
                        "href": "http:\/\/drupal.org\/rest\/type\/file\/file"
                    }
                },
                "uuid": [
                    {
                        "value": "f6978c3f-10cf-48fb-8c2c-2dfcf7d6c08d"
                    }
                ],
                "lang": "en",
                "alt": "Thumbnail",
                "title": "Test video",
                "width": "180",
                "height": "180"
            }
        ],
        "http:\/\/drupal.org\/rest\/relation\/media\/video\/uid": [
            {
                "_links": {
                    "self": {
                        "href": "http:\/\/default\/en\/user\/1?_format=hal_json"
                    },
                    "type": {
                        "href": "http:\/\/drupal.org\/rest\/type\/user\/user"
                    }
                },
                "uuid": [
                    {
                        "value": "c755b8f6-b6ea-4afb-8841-0bba56bd4850"
                    }
                ],
                "lang": "en"
            }
        ],
        "http:\/\/drupal.org\/rest\/relation\/media\/video\/field_media_video_file": [
            {
                "_links": {
                    "self": {
                        "href": "http:\/\/default\/sites\/default\/files\/2019-01\/small_0.mp4"
                    },
                    "type": {
                        "href": "http:\/\/drupal.org\/rest\/type\/file\/file"
                    }
                },
                "uuid": [
                    {
                        "value": "45e7cf4f-dff9-4179-916f-7f5cb380281e"
                    }
                ],
                "lang": "en",
                "display": "1",
                "description": ""
            }
        ]
    },
    "created": [
        {
            "value": "2019-01-10T17:09:47+00:00",
            "lang": "en",
            "format": "Y-m-d\\TH:i:sP"
        }
    ],
    "changed": [
        {
            "value": "2019-01-10T17:23:06+00:00",
            "lang": "en",
            "format": "Y-m-d\\TH:i:sP"
        }
    ],
    "default_langcode": [
        {
            "value": true,
            "lang": "en"
        }
    ],
    "metatag": [
        {
            "value": {
                "title": "| 1xdx",
                "canonical_url": "http:\/\/default\/node\/1"
            }
        }
    ],
    "path": [
        {
            "alias": "\/media\/video\/test-video",
            "pid": 3,
            "langcode": "en",
            "lang": "en"
        }
    ],
    "field_file_size": [
        {
            "value": 383631
        }
    ],
    "field_mime_type": [
        {
            "value": "video\/mp4"
        }
    ]
}
