{
    "_links": {
        "self": {
            "href": "http:\/\/default\/media\/social-media\/our-office-conil-beach-can-you-hear-sound-ocean?_format=hal_json"
        },
        "type": {
            "href": "http:\/\/drupal.org\/rest\/type\/media\/social_media"
        },
        "http:\/\/drupal.org\/rest\/relation\/media\/social_media\/uid": [
            {
                "href": "http:\/\/default\/user\/1?_format=hal_json",
                "lang": "en"
            }
        ],
        "http:\/\/drupal.org\/rest\/relation\/media\/social_media\/thumbnail": [
            {
                "href": "",
                "lang": "en"
            }
        ]
    },
    "mid": [
        {
            "value": 19
        }
    ],
    "uuid": [
        {
            "value": "4dc46faa-06a5-4829-9a82-4ae9e1433a8b"
        }
    ],
    "vid": [
        {
            "value": 19
        }
    ],
    "langcode": [
        {
            "value": "en",
            "lang": "en"
        }
    ],
    "bundle": [
        {
            "target_id": "social_media"
        }
    ],
    "revision_created": [
        {
            "value": "2019-10-25T15:16:20+00:00",
            "format": "Y-m-d\\TH:i:sP"
        }
    ],
    "status": [
        {
            "value": true,
            "lang": "en"
        }
    ],
    "_embedded": {
        "http:\/\/drupal.org\/rest\/relation\/media\/social_media\/uid": [
            {
                "_links": {
                    "self": {
                        "href": "http:\/\/default\/user\/1?_format=hal_json"
                    },
                    "type": {
                        "href": "http:\/\/drupal.org\/rest\/type\/user\/user"
                    }
                },
                "uuid": [
                    {
                        "value": "ba8eef83-1583-44f6-b34c-2a6c1525e1e1"
                    }
                ],
                "lang": "en"
            }
        ],
        "http:\/\/drupal.org\/rest\/relation\/media\/social_media\/thumbnail": [
            {
                "_links": {
                    "self": {
                        "href": ""
                    },
                    "type": {
                        "href": "http:\/\/drupal.org\/rest\/type\/file\/file"
                    }
                },
                "uuid": [
                    {
                        "value": "5d1fc911-ff32-45f6-b692-7d6bcd4e2739"
                    }
                ],
                "lang": "en",
                "alt": "",
                "title": null,
                "width": "180",
                "height": "180"
            }
        ]
    },
    "name": [
        {
            "value": "Our office at Conil is by the beach. Can you hear the sound of the ocean?",
            "lang": "en"
        }
    ],
    "created": [
        {
            "value": "2019-10-25T15:15:14+00:00",
            "lang": "en",
            "format": "Y-m-d\\TH:i:sP"
        }
    ],
    "changed": [
        {
            "value": "2019-10-25T15:16:20+00:00",
            "lang": "en",
            "format": "Y-m-d\\TH:i:sP"
        }
    ],
    "default_langcode": [
        {
            "value": true,
            "lang": "en"
        }
    ],
    "metatag": [
        {
            "value": {
                "title": "| 1xDx",
                "canonical_url": "http:\/\/default\/frontpage"
            }
        }
    ],
    "path": [
        {
            "alias": "\/media\/social-media\/our-office-conil-beach-can-you-hear-sound-ocean",
            "pid": 27,
            "langcode": "en",
            "lang": "en"
        }
    ],
    "field_media_social_media": [
        {
            "value": "https:\/\/www.instagram.com\/p\/Bvv4dakHTLA\/?utm_source=ig_web_copy_link",
            "lang": "en"
        }
    ],
    "field_provider": [
        {
            "value": "Instagram"
        }
    ]
}
