{
    "_links": {
        "self": {
            "href": "http:\/\/default\/en\/media\/image\/sunflower?_format=hal_json"
        },
        "type": {
            "href": "http:\/\/drupal.org\/rest\/type\/media\/image"
        },
        "http:\/\/drupal.org\/rest\/relation\/media\/image\/thumbnail": [
            {
                "href": "http:\/\/default\/sites\/default\/files\/2019-01\/sunflower-3550693_0.jpg",
                "lang": "en"
            }
        ],
        "http:\/\/drupal.org\/rest\/relation\/media\/image\/uid": [
            {
                "href": "http:\/\/default\/en\/user\/1?_format=hal_json",
                "lang": "en"
            }
        ],
        "http:\/\/drupal.org\/rest\/relation\/media\/image\/field_media_image": [
            {
                "href": "http:\/\/default\/sites\/default\/files\/2019-01\/sunflower-3550693_0.jpg",
                "lang": "en"
            }
        ]
    },
    "mid": [
        {
            "value": 2
        }
    ],
    "uuid": [
        {
            "value": "635f971a-96f3-449f-a8b3-c402d0b53306"
        }
    ],
    "vid": [
        {
            "value": 2
        }
    ],
    "langcode": [
        {
            "value": "en",
            "lang": "en"
        }
    ],
    "bundle": [
        {
            "target_id": "image"
        }
    ],
    "revision_created": [
        {
            "value": "2019-01-11T09:20:54+00:00",
            "format": "Y-m-d\\TH:i:sP"
        }
    ],
    "status": [
        {
            "value": true,
            "lang": "en"
        }
    ],
    "name": [
        {
            "value": "Sunflower",
            "lang": "en"
        }
    ],
    "_embedded": {
        "http:\/\/drupal.org\/rest\/relation\/media\/image\/thumbnail": [
            {
                "_links": {
                    "self": {
                        "href": "http:\/\/default\/sites\/default\/files\/2019-01\/sunflower-3550693_0.jpg"
                    },
                    "type": {
                        "href": "http:\/\/drupal.org\/rest\/type\/file\/file"
                    }
                },
                "uuid": [
                    {
                        "value": "b1d6cdeb-e43c-42d4-903e-5f2301ecd53d"
                    }
                ],
                "lang": "en",
                "alt": "Thumbnail",
                "title": "Sunflower",
                "width": "6000",
                "height": "4000"
            }
        ],
        "http:\/\/drupal.org\/rest\/relation\/media\/image\/uid": [
            {
                "_links": {
                    "self": {
                        "href": "http:\/\/default\/en\/user\/1?_format=hal_json"
                    },
                    "type": {
                        "href": "http:\/\/drupal.org\/rest\/type\/user\/user"
                    }
                },
                "uuid": [
                    {
                        "value": "c755b8f6-b6ea-4afb-8841-0bba56bd4850"
                    }
                ],
                "lang": "en"
            }
        ],
        "http:\/\/drupal.org\/rest\/relation\/media\/image\/field_media_image": [
            {
                "_links": {
                    "self": {
                        "href": "http:\/\/default\/sites\/default\/files\/2019-01\/sunflower-3550693_0.jpg"
                    },
                    "type": {
                        "href": "http:\/\/drupal.org\/rest\/type\/file\/file"
                    }
                },
                "uuid": [
                    {
                        "value": "b1d6cdeb-e43c-42d4-903e-5f2301ecd53d"
                    }
                ],
                "lang": "en",
                "alt": "sunflower",
                "title": "",
                "width": "6000",
                "height": "4000"
            }
        ]
    },
    "created": [
        {
            "value": "2019-01-10T17:10:32+00:00",
            "lang": "en",
            "format": "Y-m-d\\TH:i:sP"
        }
    ],
    "changed": [
        {
            "value": "2019-01-10T17:10:48+00:00",
            "lang": "en",
            "format": "Y-m-d\\TH:i:sP"
        }
    ],
    "default_langcode": [
        {
            "value": true,
            "lang": "en"
        }
    ],
    "metatag": [
        {
            "value": {
                "title": "| 1xdx",
                "canonical_url": "http:\/\/default\/node\/1"
            }
        }
    ],
    "path": [
        {
            "alias": "\/media\/image\/sunflower",
            "pid": 10,
            "langcode": "en",
            "lang": "en"
        }
    ]
}
