{
    "_links": {
        "self": {
            "href": "http:\/\/default\/en\/media\/image\/dawn?_format=hal_json"
        },
        "type": {
            "href": "http:\/\/drupal.org\/rest\/type\/media\/image"
        },
        "http:\/\/drupal.org\/rest\/relation\/media\/image\/thumbnail": [
            {
                "href": "http:\/\/default\/sites\/default\/files\/2019-01\/dawn-3846778_0.jpg",
                "lang": "en"
            }
        ],
        "http:\/\/drupal.org\/rest\/relation\/media\/image\/uid": [
            {
                "href": "http:\/\/default\/en\/user\/1?_format=hal_json",
                "lang": "en"
            }
        ],
        "http:\/\/drupal.org\/rest\/relation\/media\/image\/field_media_image": [
            {
                "href": "http:\/\/default\/sites\/default\/files\/2019-01\/dawn-3846778_0.jpg",
                "lang": "en"
            }
        ]
    },
    "mid": [
        {
            "value": 6
        }
    ],
    "uuid": [
        {
            "value": "6c000e44-983b-4082-9313-7d2b8b393a88"
        }
    ],
    "vid": [
        {
            "value": 6
        }
    ],
    "langcode": [
        {
            "value": "en",
            "lang": "en"
        }
    ],
    "bundle": [
        {
            "target_id": "image"
        }
    ],
    "revision_created": [
        {
            "value": "2019-01-11T09:20:54+00:00",
            "format": "Y-m-d\\TH:i:sP"
        }
    ],
    "status": [
        {
            "value": true,
            "lang": "en"
        }
    ],
    "name": [
        {
            "value": "Dawn",
            "lang": "en"
        }
    ],
    "_embedded": {
        "http:\/\/drupal.org\/rest\/relation\/media\/image\/thumbnail": [
            {
                "_links": {
                    "self": {
                        "href": "http:\/\/default\/sites\/default\/files\/2019-01\/dawn-3846778_0.jpg"
                    },
                    "type": {
                        "href": "http:\/\/drupal.org\/rest\/type\/file\/file"
                    }
                },
                "uuid": [
                    {
                        "value": "fa22e174-e5b5-42a5-a188-5c9d523fa266"
                    }
                ],
                "lang": "en",
                "alt": "Thumbnail",
                "title": "Dawn",
                "width": "4900",
                "height": "3271"
            }
        ],
        "http:\/\/drupal.org\/rest\/relation\/media\/image\/uid": [
            {
                "_links": {
                    "self": {
                        "href": "http:\/\/default\/en\/user\/1?_format=hal_json"
                    },
                    "type": {
                        "href": "http:\/\/drupal.org\/rest\/type\/user\/user"
                    }
                },
                "uuid": [
                    {
                        "value": "c755b8f6-b6ea-4afb-8841-0bba56bd4850"
                    }
                ],
                "lang": "en"
            }
        ],
        "http:\/\/drupal.org\/rest\/relation\/media\/image\/field_media_image": [
            {
                "_links": {
                    "self": {
                        "href": "http:\/\/default\/sites\/default\/files\/2019-01\/dawn-3846778_0.jpg"
                    },
                    "type": {
                        "href": "http:\/\/drupal.org\/rest\/type\/file\/file"
                    }
                },
                "uuid": [
                    {
                        "value": "fa22e174-e5b5-42a5-a188-5c9d523fa266"
                    }
                ],
                "lang": "en",
                "alt": "dawn",
                "title": "",
                "width": "4900",
                "height": "3271"
            }
        ]
    },
    "created": [
        {
            "value": "2019-01-10T17:14:37+00:00",
            "lang": "en",
            "format": "Y-m-d\\TH:i:sP"
        }
    ],
    "changed": [
        {
            "value": "2019-01-10T17:14:51+00:00",
            "lang": "en",
            "format": "Y-m-d\\TH:i:sP"
        }
    ],
    "default_langcode": [
        {
            "value": true,
            "lang": "en"
        }
    ],
    "metatag": [
        {
            "value": {
                "title": "| 1xdx",
                "canonical_url": "http:\/\/default\/node\/1"
            }
        }
    ],
    "path": [
        {
            "alias": "\/media\/image\/dawn",
            "pid": 8,
            "langcode": "en",
            "lang": "en"
        }
    ]
}
