{
    "_links": {
        "self": {
            "href": "http:\/\/default\/en\/media\/image\/computer-pineapple?_format=hal_json"
        },
        "type": {
            "href": "http:\/\/drupal.org\/rest\/type\/media\/image"
        },
        "http:\/\/drupal.org\/rest\/relation\/media\/image\/thumbnail": [
            {
                "href": "http:\/\/default\/sites\/default\/files\/2019-01\/pineapple-1704339_0.jpg",
                "lang": "en"
            }
        ],
        "http:\/\/drupal.org\/rest\/relation\/media\/image\/uid": [
            {
                "href": "http:\/\/default\/en\/user\/1?_format=hal_json",
                "lang": "en"
            }
        ],
        "http:\/\/drupal.org\/rest\/relation\/media\/image\/field_media_image": [
            {
                "href": "http:\/\/default\/sites\/default\/files\/2019-01\/pineapple-1704339_0.jpg",
                "lang": "en"
            }
        ]
    },
    "mid": [
        {
            "value": 3
        }
    ],
    "uuid": [
        {
            "value": "99127479-770c-4968-b6ea-d68aba855c69"
        }
    ],
    "vid": [
        {
            "value": 3
        }
    ],
    "langcode": [
        {
            "value": "en",
            "lang": "en"
        }
    ],
    "bundle": [
        {
            "target_id": "image"
        }
    ],
    "revision_created": [
        {
            "value": "2019-01-11T09:20:54+00:00",
            "format": "Y-m-d\\TH:i:sP"
        }
    ],
    "status": [
        {
            "value": true,
            "lang": "en"
        }
    ],
    "name": [
        {
            "value": "Computer pineapple",
            "lang": "en"
        }
    ],
    "_embedded": {
        "http:\/\/drupal.org\/rest\/relation\/media\/image\/thumbnail": [
            {
                "_links": {
                    "self": {
                        "href": "http:\/\/default\/sites\/default\/files\/2019-01\/pineapple-1704339_0.jpg"
                    },
                    "type": {
                        "href": "http:\/\/drupal.org\/rest\/type\/file\/file"
                    }
                },
                "uuid": [
                    {
                        "value": "a13ff3fa-5b00-4430-ba92-04a541cb5507"
                    }
                ],
                "lang": "en",
                "alt": "Thumbnail",
                "title": "Computer pineapple",
                "width": "5878",
                "height": "3919"
            }
        ],
        "http:\/\/drupal.org\/rest\/relation\/media\/image\/uid": [
            {
                "_links": {
                    "self": {
                        "href": "http:\/\/default\/en\/user\/1?_format=hal_json"
                    },
                    "type": {
                        "href": "http:\/\/drupal.org\/rest\/type\/user\/user"
                    }
                },
                "uuid": [
                    {
                        "value": "c755b8f6-b6ea-4afb-8841-0bba56bd4850"
                    }
                ],
                "lang": "en"
            }
        ],
        "http:\/\/drupal.org\/rest\/relation\/media\/image\/field_media_image": [
            {
                "_links": {
                    "self": {
                        "href": "http:\/\/default\/sites\/default\/files\/2019-01\/pineapple-1704339_0.jpg"
                    },
                    "type": {
                        "href": "http:\/\/drupal.org\/rest\/type\/file\/file"
                    }
                },
                "uuid": [
                    {
                        "value": "a13ff3fa-5b00-4430-ba92-04a541cb5507"
                    }
                ],
                "lang": "en",
                "alt": "Computer pineapple",
                "title": "",
                "width": "5878",
                "height": "3919"
            }
        ]
    },
    "created": [
        {
            "value": "2019-01-10T17:13:02+00:00",
            "lang": "en",
            "format": "Y-m-d\\TH:i:sP"
        }
    ],
    "changed": [
        {
            "value": "2019-01-10T17:13:33+00:00",
            "lang": "en",
            "format": "Y-m-d\\TH:i:sP"
        }
    ],
    "default_langcode": [
        {
            "value": true,
            "lang": "en"
        }
    ],
    "metatag": [
        {
            "value": {
                "title": "| 1xdx",
                "canonical_url": "http:\/\/default\/node\/1"
            }
        }
    ],
    "path": [
        {
            "alias": "\/media\/image\/computer-pineapple",
            "pid": 2,
            "langcode": "en",
            "lang": "en"
        }
    ]
}
