{
    "_links": {
        "self": {
            "href": "http:\/\/default\/en\/media\/file\/test-file?_format=hal_json"
        },
        "type": {
            "href": "http:\/\/drupal.org\/rest\/type\/media\/file"
        },
        "http:\/\/drupal.org\/rest\/relation\/media\/file\/thumbnail": [
            {
                "href": "http:\/\/default\/sites\/default\/files\/media-icons\/generic\/generic.png",
                "lang": "en"
            }
        ],
        "http:\/\/drupal.org\/rest\/relation\/media\/file\/uid": [
            {
                "href": "http:\/\/default\/en\/user\/1?_format=hal_json",
                "lang": "en"
            }
        ],
        "http:\/\/drupal.org\/rest\/relation\/media\/file\/field_media_file": [
            {
                "href": "http:\/\/default\/sites\/default\/files\/2019-01\/test_0.txt",
                "lang": "en"
            }
        ]
    },
    "mid": [
        {
            "value": 9
        }
    ],
    "uuid": [
        {
            "value": "ab64e20f-60d2-4b49-bdbe-738eb6c5e77d"
        }
    ],
    "vid": [
        {
            "value": 9
        }
    ],
    "langcode": [
        {
            "value": "en",
            "lang": "en"
        }
    ],
    "bundle": [
        {
            "target_id": "file"
        }
    ],
    "revision_created": [
        {
            "value": "2019-01-11T09:20:54+00:00",
            "format": "Y-m-d\\TH:i:sP"
        }
    ],
    "status": [
        {
            "value": true,
            "lang": "en"
        }
    ],
    "name": [
        {
            "value": "Test file",
            "lang": "en"
        }
    ],
    "_embedded": {
        "http:\/\/drupal.org\/rest\/relation\/media\/file\/thumbnail": [
            {
                "_links": {
                    "self": {
                        "href": "http:\/\/default\/sites\/default\/files\/media-icons\/generic\/generic.png"
                    },
                    "type": {
                        "href": "http:\/\/drupal.org\/rest\/type\/file\/file"
                    }
                },
                "uuid": [
                    {
                        "value": "a109d283-6c19-4a29-8975-9465a9f25d6c"
                    }
                ],
                "lang": "en",
                "alt": "Thumbnail",
                "title": "Test file",
                "width": "180",
                "height": "180"
            }
        ],
        "http:\/\/drupal.org\/rest\/relation\/media\/file\/uid": [
            {
                "_links": {
                    "self": {
                        "href": "http:\/\/default\/en\/user\/1?_format=hal_json"
                    },
                    "type": {
                        "href": "http:\/\/drupal.org\/rest\/type\/user\/user"
                    }
                },
                "uuid": [
                    {
                        "value": "c755b8f6-b6ea-4afb-8841-0bba56bd4850"
                    }
                ],
                "lang": "en"
            }
        ],
        "http:\/\/drupal.org\/rest\/relation\/media\/file\/field_media_file": [
            {
                "_links": {
                    "self": {
                        "href": "http:\/\/default\/sites\/default\/files\/2019-01\/test_0.txt"
                    },
                    "type": {
                        "href": "http:\/\/drupal.org\/rest\/type\/file\/file"
                    }
                },
                "uuid": [
                    {
                        "value": "109f7a77-b6bc-4060-a24e-b5d2a1bc1311"
                    }
                ],
                "lang": "en",
                "display": "1",
                "description": ""
            }
        ]
    },
    "created": [
        {
            "value": "2019-01-10T17:09:39+00:00",
            "lang": "en",
            "format": "Y-m-d\\TH:i:sP"
        }
    ],
    "changed": [
        {
            "value": "2019-01-10T17:18:48+00:00",
            "lang": "en",
            "format": "Y-m-d\\TH:i:sP"
        }
    ],
    "default_langcode": [
        {
            "value": true,
            "lang": "en"
        }
    ],
    "metatag": [
        {
            "value": {
                "title": "| 1xdx",
                "canonical_url": "http:\/\/default\/node\/1"
            }
        }
    ],
    "path": [
        {
            "alias": "\/media\/file\/test-file",
            "pid": 12,
            "langcode": "en",
            "lang": "en"
        }
    ],
    "field_file_size": [
        {
            "value": 120346,
            "lang": "en"
        }
    ],
    "field_mime_type": [
        {
            "value": "text\/plain",
            "lang": "en"
        }
    ]
}
