{
    "_links": {
        "self": {
            "href": "http:\/\/default\/en\/media\/image\/light-bulb?_format=hal_json"
        },
        "type": {
            "href": "http:\/\/drupal.org\/rest\/type\/media\/image"
        },
        "http:\/\/drupal.org\/rest\/relation\/media\/image\/thumbnail": [
            {
                "href": "http:\/\/default\/sites\/default\/files\/2019-01\/light-bulb-3535435_0.jpg"
            }
        ],
        "http:\/\/drupal.org\/rest\/relation\/media\/image\/uid": [
            {
                "href": "http:\/\/default\/en\/user\/1?_format=hal_json"
            }
        ],
        "http:\/\/drupal.org\/rest\/relation\/media\/image\/field_media_image": [
            {
                "href": "http:\/\/default\/sites\/default\/files\/2019-01\/light-bulb-3535435_0.jpg",
                "lang": "en"
            }
        ]
    },
    "mid": [
        {
            "value": 7
        }
    ],
    "uuid": [
        {
            "value": "d8c6302a-e56c-4eff-ad86-53ae20bff0e9"
        }
    ],
    "vid": [
        {
            "value": 7
        }
    ],
    "langcode": [
        {
            "value": "en",
            "lang": "en"
        }
    ],
    "bundle": [
        {
            "target_id": "image"
        }
    ],
    "revision_created": [
        {
            "value": "2019-04-09T15:04:22+00:00",
            "format": "Y-m-d\\TH:i:sP"
        }
    ],
    "status": [
        {
            "value": true
        }
    ],
    "name": [
        {
            "value": "Light bulb",
            "lang": "en"
        }
    ],
    "_embedded": {
        "http:\/\/drupal.org\/rest\/relation\/media\/image\/thumbnail": [
            {
                "_links": {
                    "self": {
                        "href": "http:\/\/default\/sites\/default\/files\/2019-01\/light-bulb-3535435_0.jpg"
                    },
                    "type": {
                        "href": "http:\/\/drupal.org\/rest\/type\/file\/file"
                    }
                },
                "uuid": [
                    {
                        "value": "8b9ef081-0997-4700-bd65-ce4d216bff3a"
                    }
                ],
                "alt": "Light bulb",
                "title": "Light bulb",
                "width": "4900",
                "height": "3267"
            }
        ],
        "http:\/\/drupal.org\/rest\/relation\/media\/image\/uid": [
            {
                "_links": {
                    "self": {
                        "href": "http:\/\/default\/en\/user\/1?_format=hal_json"
                    },
                    "type": {
                        "href": "http:\/\/drupal.org\/rest\/type\/user\/user"
                    }
                },
                "uuid": [
                    {
                        "value": "2380d3f7-fe85-45f5-a3d8-e460f1ca61b0"
                    }
                ]
            }
        ],
        "http:\/\/drupal.org\/rest\/relation\/media\/image\/field_media_image": [
            {
                "_links": {
                    "self": {
                        "href": "http:\/\/default\/sites\/default\/files\/2019-01\/light-bulb-3535435_0.jpg"
                    },
                    "type": {
                        "href": "http:\/\/drupal.org\/rest\/type\/file\/file"
                    }
                },
                "uuid": [
                    {
                        "value": "8b9ef081-0997-4700-bd65-ce4d216bff3a"
                    }
                ],
                "lang": "en",
                "alt": "Light bulb",
                "title": "",
                "width": "4900",
                "height": "3267"
            }
        ]
    },
    "created": [
        {
            "value": "2019-01-10T17:14:55+00:00",
            "lang": "en",
            "format": "Y-m-d\\TH:i:sP"
        }
    ],
    "changed": [
        {
            "value": "2019-01-10T17:15:13+00:00",
            "format": "Y-m-d\\TH:i:sP"
        }
    ],
    "default_langcode": [
        {
            "value": true,
            "lang": "en"
        }
    ],
    "metatag": [
        {
            "value": {
                "title": "| 1xDx",
                "canonical_url": "http:\/\/default\/de\/node\/1"
            }
        }
    ]
}
