{
    "_links": {
        "self": {
            "href": "http:\/\/default\/media\/image\/niko-photos-333391-unsplashjpg?_format=hal_json"
        },
        "type": {
            "href": "http:\/\/drupal.org\/rest\/type\/media\/image"
        },
        "http:\/\/drupal.org\/rest\/relation\/media\/image\/thumbnail": [
            {
                "href": "http:\/\/default\/sites\/default\/files\/images\/2019-04\/niko-photos-333391-unsplash.jpg"
            }
        ],
        "http:\/\/drupal.org\/rest\/relation\/media\/image\/uid": [
            {
                "href": "http:\/\/default\/en\/user\/1?_format=hal_json"
            }
        ],
        "http:\/\/drupal.org\/rest\/relation\/media\/image\/field_media_image": [
            {
                "href": "http:\/\/default\/sites\/default\/files\/images\/2019-04\/niko-photos-333391-unsplash.jpg",
                "lang": "en"
            }
        ]
    },
    "mid": [
        {
            "value": 17
        }
    ],
    "uuid": [
        {
            "value": "e4480e29-f0dd-473c-b618-e919f96a511b"
        }
    ],
    "vid": [
        {
            "value": 17
        }
    ],
    "langcode": [
        {
            "value": "en",
            "lang": "en"
        }
    ],
    "bundle": [
        {
            "target_id": "image"
        }
    ],
    "revision_created": [
        {
            "value": "2019-04-09T10:18:23+00:00",
            "format": "Y-m-d\\TH:i:sP"
        }
    ],
    "status": [
        {
            "value": true
        }
    ],
    "name": [
        {
            "value": "niko-photos-333391-unsplash.jpg",
            "lang": "en"
        }
    ],
    "_embedded": {
        "http:\/\/drupal.org\/rest\/relation\/media\/image\/thumbnail": [
            {
                "_links": {
                    "self": {
                        "href": "http:\/\/default\/sites\/default\/files\/images\/2019-04\/niko-photos-333391-unsplash.jpg"
                    },
                    "type": {
                        "href": "http:\/\/drupal.org\/rest\/type\/file\/file"
                    }
                },
                "uuid": [
                    {
                        "value": "f69904ad-681d-4099-8397-9d9fc9452067"
                    }
                ],
                "alt": null,
                "title": null,
                "width": "3741",
                "height": "2494"
            }
        ],
        "http:\/\/drupal.org\/rest\/relation\/media\/image\/uid": [
            {
                "_links": {
                    "self": {
                        "href": "http:\/\/default\/en\/user\/1?_format=hal_json"
                    },
                    "type": {
                        "href": "http:\/\/drupal.org\/rest\/type\/user\/user"
                    }
                },
                "uuid": [
                    {
                        "value": "b7274716-a5bf-48e9-be11-672f0fb03403"
                    }
                ]
            }
        ],
        "http:\/\/drupal.org\/rest\/relation\/media\/image\/field_media_image": [
            {
                "_links": {
                    "self": {
                        "href": "http:\/\/default\/sites\/default\/files\/images\/2019-04\/niko-photos-333391-unsplash.jpg"
                    },
                    "type": {
                        "href": "http:\/\/drupal.org\/rest\/type\/file\/file"
                    }
                },
                "uuid": [
                    {
                        "value": "f69904ad-681d-4099-8397-9d9fc9452067"
                    }
                ],
                "lang": "en",
                "alt": null,
                "title": null,
                "width": "3741",
                "height": "2494"
            }
        ]
    },
    "created": [
        {
            "value": "2019-04-09T10:18:23+00:00",
            "lang": "en",
            "format": "Y-m-d\\TH:i:sP"
        }
    ],
    "changed": [
        {
            "value": "2019-04-09T10:18:23+00:00",
            "format": "Y-m-d\\TH:i:sP"
        }
    ],
    "default_langcode": [
        {
            "value": true,
            "lang": "en"
        }
    ],
    "metatag": [
        {
            "value": {
                "title": "| 1xDx",
                "canonical_url": "http:\/\/default\/node\/1"
            }
        }
    ]
}
