{
    "_links": {
        "self": {
            "href": "http:\/\/default\/media\/image\/jakob-owens-358225-unsplash0jpg?_format=hal_json"
        },
        "type": {
            "href": "http:\/\/drupal.org\/rest\/type\/media\/image"
        },
        "http:\/\/drupal.org\/rest\/relation\/media\/image\/thumbnail": [
            {
                "href": "http:\/\/default\/sites\/default\/files\/images\/2019-04\/jakob-owens-358225-unsplash_0.jpg"
            }
        ],
        "http:\/\/drupal.org\/rest\/relation\/media\/image\/uid": [
            {
                "href": "http:\/\/default\/en\/user\/1?_format=hal_json"
            }
        ],
        "http:\/\/drupal.org\/rest\/relation\/media\/image\/field_media_image": [
            {
                "href": "http:\/\/default\/sites\/default\/files\/images\/2019-04\/jakob-owens-358225-unsplash_0.jpg",
                "lang": "en"
            }
        ]
    },
    "mid": [
        {
            "value": 18
        }
    ],
    "uuid": [
        {
            "value": "f248cf3f-bb57-40fe-8df4-8ce3a9801785"
        }
    ],
    "vid": [
        {
            "value": 18
        }
    ],
    "langcode": [
        {
            "value": "en",
            "lang": "en"
        }
    ],
    "bundle": [
        {
            "target_id": "image"
        }
    ],
    "revision_created": [
        {
            "value": "2019-04-09T10:19:13+00:00",
            "format": "Y-m-d\\TH:i:sP"
        }
    ],
    "status": [
        {
            "value": true
        }
    ],
    "name": [
        {
            "value": "jakob-owens-358225-unsplash_0.jpg",
            "lang": "en"
        }
    ],
    "_embedded": {
        "http:\/\/drupal.org\/rest\/relation\/media\/image\/thumbnail": [
            {
                "_links": {
                    "self": {
                        "href": "http:\/\/default\/sites\/default\/files\/images\/2019-04\/jakob-owens-358225-unsplash_0.jpg"
                    },
                    "type": {
                        "href": "http:\/\/drupal.org\/rest\/type\/file\/file"
                    }
                },
                "uuid": [
                    {
                        "value": "213174a5-b91e-4278-bfd5-62ad9e800d2d"
                    }
                ],
                "alt": null,
                "title": null,
                "width": "1800",
                "height": "1013"
            }
        ],
        "http:\/\/drupal.org\/rest\/relation\/media\/image\/uid": [
            {
                "_links": {
                    "self": {
                        "href": "http:\/\/default\/en\/user\/1?_format=hal_json"
                    },
                    "type": {
                        "href": "http:\/\/drupal.org\/rest\/type\/user\/user"
                    }
                },
                "uuid": [
                    {
                        "value": "b7274716-a5bf-48e9-be11-672f0fb03403"
                    }
                ]
            }
        ],
        "http:\/\/drupal.org\/rest\/relation\/media\/image\/field_media_image": [
            {
                "_links": {
                    "self": {
                        "href": "http:\/\/default\/sites\/default\/files\/images\/2019-04\/jakob-owens-358225-unsplash_0.jpg"
                    },
                    "type": {
                        "href": "http:\/\/drupal.org\/rest\/type\/file\/file"
                    }
                },
                "uuid": [
                    {
                        "value": "213174a5-b91e-4278-bfd5-62ad9e800d2d"
                    }
                ],
                "lang": "en",
                "alt": null,
                "title": null,
                "width": "1800",
                "height": "1013"
            }
        ]
    },
    "created": [
        {
            "value": "2019-04-09T10:19:13+00:00",
            "lang": "en",
            "format": "Y-m-d\\TH:i:sP"
        }
    ],
    "changed": [
        {
            "value": "2019-04-09T10:19:13+00:00",
            "format": "Y-m-d\\TH:i:sP"
        }
    ],
    "default_langcode": [
        {
            "value": true,
            "lang": "en"
        }
    ],
    "metatag": [
        {
            "value": {
                "title": "| 1xDx",
                "canonical_url": "http:\/\/default\/node\/1"
            }
        }
    ]
}
