{
  "_links": {
    "self": {
      "href": "http:\/\/html\/en\/user\/6?_format=hal_json"
    },
    "type": {
      "href": "http:\/\/drupal.org\/rest\/type\/user\/user"
    }
  },
  "uid": [
    {
      "value": 6
    }
  ],
  "uuid": [
    {
      "value": "73993860-a496-49f6-90eb-cbe0cd20bcc8"
    }
  ],
  "langcode": [
    {
      "value": "en",
      "lang": "en"
    }
  ],
  "name": [
    {
      "value": "editor"
    }
  ],
  "pass": [
    {
      "value": "1xRocks2019!"
    }
  ],
  "roles": [
    {
      "target_id": "editor"
    }
  ],
  "status": [
    {
      "value": true
    }
  ],
  "created": [
    {
      "value": "2019-04-09T08:47:11+00:00",
      "format": "Y-m-d\\TH:i:sP"
    }
  ],
  "changed": [
    {
      "value": "2019-04-09T08:47:11+00:00",
      "lang": "en",
      "format": "Y-m-d\\TH:i:sP"
    }
  ],
  "default_langcode": [
    {
      "value": true,
      "lang": "en"
    }
  ],
  "field_last_password_reset": [
    {
      "value": "2019-04-09T10:47:11"
    }
  ],
  "field_password_expiration": [
    {
      "value": false
    }
  ]
}
