{
  "_links": {
    "self": {
      "href": "http:\/\/html\/en\/user\/7?_format=hal_json"
    },
    "type": {
      "href": "http:\/\/drupal.org\/rest\/type\/user\/user"
    }
  },
  "uid": [
    {
      "value": 7
    }
  ],
  "uuid": [
    {
      "value": "9bb07af5-cd7b-4c67-8d21-4164a7c2bb2f"
    }
  ],
  "langcode": [
    {
      "value": "en",
      "lang": "en"
    }
  ],
  "name": [
    {
      "value": "manager"
    }
  ],
  "pass": [
    {
      "value": "1xRocks2019!"
    }
  ],
  "roles": [
    {
      "target_id": "manager"
    }
  ],
  "status": [
    {
      "value": true
    }
  ],
  "created": [
    {
      "value": "2019-04-09T08:47:35+00:00",
      "format": "Y-m-d\\TH:i:sP"
    }
  ],
  "changed": [
    {
      "value": "2019-04-09T08:47:35+00:00",
      "lang": "en",
      "format": "Y-m-d\\TH:i:sP"
    }
  ],
  "default_langcode": [
    {
      "value": true,
      "lang": "en"
    }
  ],
  "field_last_password_reset": [
    {
      "value": "2019-04-09T10:47:35"
    }
  ],
  "field_password_expiration": [
    {
      "value": false
    }
  ]
}
