{
  "_links": {
    "self": {
      "href": "http:\/\/default\/admin\/structure\/menu\/item\/15\/edit?_format=hal_json"
    },
    "type": {
      "href": "http:\/\/drupal.org\/rest\/type\/menu_link_content\/menu_link_content"
    },
    "http:\/\/drupal.org\/rest\/relation\/menu_link_content\/menu_link_content\/menu_link_content_target_entity": [
      {
        "href": "http:\/\/default\/contact-page?_format=hal_json"
      }
    ]
  },
  "id": [
    {
      "value": 15
    }
  ],
  "uuid": [
    {
      "value": "1e5c7e6d-a8ce-4589-8b7c-20ffbe35d1c3"
    }
  ],
  "langcode": [
    {
      "value": "en",
      "lang": "en"
    }
  ],
  "bundle": [
    {
      "value": "menu_link_content"
    }
  ],
  "enabled": [
    {
      "value": true
    }
  ],
  "title": [
    {
      "value": "Datenschutz",
      "lang": "en"
    }
  ],
  "menu_name": [
    {
      "value": "footer"
    }
  ],
  "link": [
    {
      "uri": "entity:node\/3",
      "title": "",
      "options": [],
      "target_uuid": "0eb78758-1305-4d99-9007-33d10fb8f0af"
    }
  ],
  "external": [
    {
      "value": false
    }
  ],
  "rediscover": [
    {
      "value": false
    }
  ],
  "weight": [
    {
      "value": -49
    }
  ],
  "expanded": [
    {
      "value": false
    }
  ],
  "changed": [
    {
      "value": "2019-12-19T13:36:41+00:00",
      "lang": "en",
      "format": "Y-m-d\\TH:i:sP"
    }
  ],
  "default_langcode": [
    {
      "value": true,
      "lang": "en"
    }
  ],
  "metatag": [
    {
      "value": {
        "title": "| 1xDx",
        "canonical_url": "http:\/\/default\/frontpage"
      }
    }
  ],
  "_embedded": {
    "http:\/\/drupal.org\/rest\/relation\/menu_link_content\/menu_link_content\/menu_link_content_target_entity": [
      {
        "_links": {
          "self": {
            "href": "http:\/\/default\/contact-page?_format=hal_json"
          },
          "type": {
            "href": "http:\/\/drupal.org\/rest\/type\/node\/page"
          }
        },
        "uuid": [
          {
            "value": "0eb78758-1305-4d99-9007-33d10fb8f0af"
          }
        ]
      }
    ]
  }
}
