{
    "_links": {
        "self": {
            "href": "http:\/\/default\/en\/admin\/structure\/menu\/item\/3\/edit?_format=hal_json"
        },
        "type": {
            "href": "http:\/\/drupal.org\/rest\/type\/menu_link_content\/menu_link_content"
        },
        "http:\/\/drupal.org\/rest\/relation\/menu_link_content\/menu_link_content\/menu_link_content_target_entity": [
            {
                "href": "http:\/\/default\/en\/page\/contact-page?_format=hal_json"
            }
        ]
    },
    "id": [
        {
            "value": 3
        }
    ],
    "uuid": [
        {
            "value": "68b772a9-e395-4952-9954-0dd1454d0c92"
        }
    ],
    "langcode": [
        {
            "value": "en",
            "lang": "en"
        }
    ],
    "bundle": [
        {
            "value": "menu_link_content"
        }
    ],
    "enabled": [
        {
            "value": true
        }
    ],
    "title": [
        {
            "value": "Contact",
            "lang": "en"
        }
    ],
    "menu_name": [
        {
            "value": "main"
        }
    ],
    "link": [
        {
            "uri": "entity:node\/3",
            "title": "",
            "options": [],
            "target_uuid": "0eb78758-1305-4d99-9007-33d10fb8f0af"
        }
    ],
    "external": [
        {
            "value": false
        }
    ],
    "rediscover": [
        {
            "value": false
        }
    ],
    "weight": [
        {
            "value": -48
        }
    ],
    "expanded": [
        {
            "value": true
        }
    ],
    "changed": [
        {
            "value": "2019-01-11T09:26:29+00:00",
            "lang": "en",
            "format": "Y-m-d\\TH:i:sP"
        }
    ],
    "default_langcode": [
        {
            "value": true,
            "lang": "en"
        }
    ],
    "metatag": [
        {
            "value": {
                "title": "| 1xdx",
                "canonical_url": "http:\/\/default\/node\/1"
            }
        }
    ],
    "_embedded": {
        "http:\/\/drupal.org\/rest\/relation\/menu_link_content\/menu_link_content\/menu_link_content_target_entity": [
            {
                "_links": {
                    "self": {
                        "href": "http:\/\/default\/en\/page\/contact-page?_format=hal_json"
                    },
                    "type": {
                        "href": "http:\/\/drupal.org\/rest\/type\/node\/page"
                    }
                },
                "uuid": [
                    {
                        "value": "0eb78758-1305-4d99-9007-33d10fb8f0af"
                    }
                ]
            }
        ]
    }
}