{
    "_links": {
        "self": {
            "href": "https:\/\/default\/admin\/structure\/menu\/item\/13\/edit?_format=hal_json"
        },
        "type": {
            "href": "http:\/\/drupal.org\/rest\/type\/menu_link_content\/menu_link_content"
        }
    },
    "id": [
        {
            "value": 13
        }
    ],
    "uuid": [
        {
            "value": "88e6b70a-da26-4cbc-b9d3-a939bbeee70c"
        }
    ],
    "langcode": [
        {
            "value": "en",
            "lang": "en"
        }
    ],
    "bundle": [
        {
            "value": "menu_link_content"
        }
    ],
    "enabled": [
        {
            "value": true
        }
    ],
    "title": [
        {
            "value": "Resources",
            "lang": "en"
        }
    ],
    "menu_name": [
        {
            "value": "utility"
        }
    ],
    "link": [
        {
            "uri": "internal:\/",
            "title": "",
            "options": []
        }
    ],
    "external": [
        {
            "value": false
        }
    ],
    "rediscover": [
        {
            "value": true
        }
    ],
    "weight": [
        {
            "value": -48
        }
    ],
    "expanded": [
        {
            "value": false
        }
    ],
    "changed": [
        {
            "value": "2019-12-18T09:34:36+00:00",
            "lang": "en",
            "format": "Y-m-d\\TH:i:sP"
        }
    ],
    "default_langcode": [
        {
            "value": true,
            "lang": "en"
        }
    ],
    "metatag": [
        {
            "value": {
                "title": "| 1xDx",
                "canonical_url": "https:\/\/default\/frontpage"
            }
        }
    ]
}
