{
    "_links": {
        "self": {
            "href": "http:\/\/default\/en\/admin\/structure\/menu\/item\/1\/edit?_format=hal_json"
        },
        "type": {
            "href": "http:\/\/drupal.org\/rest\/type\/menu_link_content\/menu_link_content"
        }
    },
    "id": [
        {
            "value": 1
        }
    ],
    "uuid": [
        {
            "value": "8a371237-609c-4f29-a864-ce708bc39b4c"
        }
    ],
    "langcode": [
        {
            "value": "en",
            "lang": "en"
        }
    ],
    "bundle": [
        {
            "value": "menu_link_content"
        }
    ],
    "enabled": [
        {
            "value": true
        }
    ],
    "title": [
        {
            "value": "Home",
            "lang": "en"
        }
    ],
    "menu_name": [
        {
            "value": "main"
        }
    ],
    "link": [
        {
            "uri": "internal:\/",
            "title": "",
            "options": []
        }
    ],
    "external": [
        {
            "value": false
        }
    ],
    "rediscover": [
        {
            "value": true
        }
    ],
    "weight": [
        {
            "value": -50
        }
    ],
    "expanded": [
        {
            "value": false
        }
    ],
    "changed": [
        {
            "value": "2019-01-11T09:26:29+00:00",
            "lang": "en",
            "format": "Y-m-d\\TH:i:sP"
        }
    ],
    "default_langcode": [
        {
            "value": true,
            "lang": "en"
        }
    ],
    "metatag": [
        {
            "value": {
                "title": "| 1xdx",
                "canonical_url": "http:\/\/default\/node\/1"
            }
        }
    ]
}