{
    "_links": {
        "self": {
            "href": "http:\/\/default\/en\/admin\/structure\/menu\/item\/4\/edit?_format=hal_json"
        },
        "type": {
            "href": "http:\/\/drupal.org\/rest\/type\/menu_link_content\/menu_link_content"
        },
        "http:\/\/drupal.org\/rest\/relation\/menu_link_content\/menu_link_content\/menu_link_content_target_entity": [
            {
                "href": "http:\/\/default\/en\/page\/imprint?_format=hal_json"
            }
        ]
    },
    "id": [
        {
            "value": 4
        }
    ],
    "uuid": [
        {
            "value": "cad90235-8689-4b15-8467-44896c32fd08"
        }
    ],
    "langcode": [
        {
            "value": "en",
            "lang": "en"
        }
    ],
    "bundle": [
        {
            "value": "menu_link_content"
        }
    ],
    "enabled": [
        {
            "value": true
        }
    ],
    "title": [
        {
            "value": "Imprint",
            "lang": "en"
        }
    ],
    "menu_name": [
        {
            "value": "main"
        }
    ],
    "link": [
        {
            "uri": "entity:node\/4",
            "title": "",
            "options": [],
            "target_uuid": "06e99b16-1748-44a6-844a-0cb1b4d357db"
        }
    ],
    "external": [
        {
            "value": false
        }
    ],
    "rediscover": [
        {
            "value": false
        }
    ],
    "weight": [
        {
            "value": -47
        }
    ],
    "expanded": [
        {
            "value": false
        }
    ],
    "changed": [
        {
            "value": "2019-01-11T09:26:29+00:00",
            "lang": "en",
            "format": "Y-m-d\\TH:i:sP"
        }
    ],
    "default_langcode": [
        {
            "value": true,
            "lang": "en"
        }
    ],
    "metatag": [
        {
            "value": {
                "title": "| 1xdx",
                "canonical_url": "http:\/\/default\/node\/1"
            }
        }
    ],
    "_embedded": {
        "http:\/\/drupal.org\/rest\/relation\/menu_link_content\/menu_link_content\/menu_link_content_target_entity": [
            {
                "_links": {
                    "self": {
                        "href": "http:\/\/default\/en\/page\/imprint?_format=hal_json"
                    },
                    "type": {
                        "href": "http:\/\/drupal.org\/rest\/type\/node\/page"
                    }
                },
                "uuid": [
                    {
                        "value": "06e99b16-1748-44a6-844a-0cb1b4d357db"
                    }
                ]
            }
        ]
    }
}