{
    "_links": {
        "self": {
            "href": "http:\/\/default\/en\/admin\/structure\/menu\/item\/7\/edit?_format=hal_json"
        },
        "type": {
            "href": "http:\/\/drupal.org\/rest\/type\/menu_link_content\/menu_link_content"
        },
        "http:\/\/drupal.org\/rest\/relation\/menu_link_content\/menu_link_content\/menu_link_content_target_entity": [
            {
                "href": "http:\/\/default\/en\/page\/service-page?_format=hal_json"
            }
        ],
        "http:\/\/drupal.org\/rest\/relation\/menu_link_content\/menu_link_content\/menu_link_content_parent_entity": [
            {
                "href": "http:\/\/default\/en\/admin\/structure\/menu\/item\/2\/edit?_format=hal_json"
            }
        ]
    },
    "id": [
        {
            "value": 7
        }
    ],
    "uuid": [
        {
            "value": "d0be8855-f244-402d-b016-24075f98de8d"
        }
    ],
    "langcode": [
        {
            "value": "en",
            "lang": "en"
        }
    ],
    "bundle": [
        {
            "value": "menu_link_content"
        }
    ],
    "enabled": [
        {
            "value": true
        }
    ],
    "title": [
        {
            "value": "For enterprises",
            "lang": "en"
        }
    ],
    "menu_name": [
        {
            "value": "main"
        }
    ],
    "link": [
        {
            "uri": "entity:node\/2",
            "title": "",
            "options": [],
            "target_uuid": "d008784d-ac5f-4480-9bf3-c4ddd7a0c821"
        }
    ],
    "external": [
        {
            "value": false
        }
    ],
    "rediscover": [
        {
            "value": false
        }
    ],
    "weight": [
        {
            "value": 0
        }
    ],
    "expanded": [
        {
            "value": false
        }
    ],
    "parent": [
        {
            "value": "menu_link_content:a37aec03-fa10-41a3-9797-acfed184a11e"
        }
    ],
    "changed": [
        {
            "value": "2019-01-11T08:40:37+00:00",
            "lang": "en",
            "format": "Y-m-d\\TH:i:sP"
        }
    ],
    "default_langcode": [
        {
            "value": true,
            "lang": "en"
        }
    ],
    "metatag": [
        {
            "value": {
                "title": "| 1xdx",
                "canonical_url": "http:\/\/default\/node\/1"
            }
        }
    ],
    "_embedded": {
        "http:\/\/drupal.org\/rest\/relation\/menu_link_content\/menu_link_content\/menu_link_content_target_entity": [
            {
                "_links": {
                    "self": {
                        "href": "http:\/\/default\/en\/page\/service-page?_format=hal_json"
                    },
                    "type": {
                        "href": "http:\/\/drupal.org\/rest\/type\/node\/page"
                    }
                },
                "uuid": [
                    {
                        "value": "d008784d-ac5f-4480-9bf3-c4ddd7a0c821"
                    }
                ]
            }
        ],
        "http:\/\/drupal.org\/rest\/relation\/menu_link_content\/menu_link_content\/menu_link_content_parent_entity": [
            {
                "_links": {
                    "self": {
                        "href": "http:\/\/default\/en\/admin\/structure\/menu\/item\/2\/edit?_format=hal_json"
                    },
                    "type": {
                        "href": "http:\/\/drupal.org\/rest\/type\/menu_link_content\/menu_link_content"
                    }
                },
                "uuid": [
                    {
                        "value": "a37aec03-fa10-41a3-9797-acfed184a11e"
                    }
                ]
            }
        ]
    }
}