{
  "_links": {
    "self": {
      "href": "http:\/\/default\/admin\/structure\/menu\/item\/16\/edit?_format=hal_json"
    },
    "type": {
      "href": "http:\/\/drupal.org\/rest\/type\/menu_link_content\/menu_link_content"
    },
    "http:\/\/drupal.org\/rest\/relation\/menu_link_content\/menu_link_content\/menu_link_content_target_entity": [
      {
        "href": "http:\/\/default\/faq?_format=hal_json"
      }
    ]
  },
  "id": [
    {
      "value": 16
    }
  ],
  "uuid": [
    {
      "value": "d2d0e273-204c-4d13-8223-c462bcb35954"
    }
  ],
  "langcode": [
    {
      "value": "en",
      "lang": "en"
    }
  ],
  "bundle": [
    {
      "value": "menu_link_content"
    }
  ],
  "enabled": [
    {
      "value": true
    }
  ],
  "title": [
    {
      "value": "AGB",
      "lang": "en"
    }
  ],
  "menu_name": [
    {
      "value": "footer"
    }
  ],
  "link": [
    {
      "uri": "entity:node\/13",
      "title": "",
      "options": [],
      "target_uuid": "5dd3450e-eb7e-40a7-87d8-580974b47057"
    }
  ],
  "external": [
    {
      "value": false
    }
  ],
  "rediscover": [
    {
      "value": false
    }
  ],
  "weight": [
    {
      "value": -48
    }
  ],
  "expanded": [
    {
      "value": false
    }
  ],
  "changed": [
    {
      "value": "2019-12-19T13:36:41+00:00",
      "lang": "en",
      "format": "Y-m-d\\TH:i:sP"
    }
  ],
  "default_langcode": [
    {
      "value": true,
      "lang": "en"
    }
  ],
  "metatag": [
    {
      "value": {
        "title": "| 1xDx",
        "canonical_url": "http:\/\/default\/frontpage"
      }
    }
  ],
  "_embedded": {
    "http:\/\/drupal.org\/rest\/relation\/menu_link_content\/menu_link_content\/menu_link_content_target_entity": [
      {
        "_links": {
          "self": {
            "href": "http:\/\/default\/faq?_format=hal_json"
          },
          "type": {
            "href": "http:\/\/drupal.org\/rest\/type\/node\/page"
          }
        },
        "uuid": [
          {
            "value": "5dd3450e-eb7e-40a7-87d8-580974b47057"
          }
        ]
      }
    ]
  }
}
