{
  "_links": {
    "self": {
      "href": "http:\/\/default\/admin\/structure\/menu\/item\/14\/edit?_format=hal_json"
    },
    "type": {
      "href": "http:\/\/drupal.org\/rest\/type\/menu_link_content\/menu_link_content"
    },
    "http:\/\/drupal.org\/rest\/relation\/menu_link_content\/menu_link_content\/menu_link_content_target_entity": [
      {
        "href": "http:\/\/default\/imprint?_format=hal_json"
      }
    ]
  },
  "id": [
    {
      "value": 14
    }
  ],
  "uuid": [
    {
      "value": "dc1d61cf-2c20-4106-b2e5-47ce407c9367"
    }
  ],
  "langcode": [
    {
      "value": "en",
      "lang": "en"
    }
  ],
  "bundle": [
    {
      "value": "menu_link_content"
    }
  ],
  "enabled": [
    {
      "value": true
    }
  ],
  "title": [
    {
      "value": "Impressum",
      "lang": "en"
    }
  ],
  "menu_name": [
    {
      "value": "footer"
    }
  ],
  "link": [
    {
      "uri": "entity:node\/4",
      "title": "",
      "options": [],
      "target_uuid": "06e99b16-1748-44a6-844a-0cb1b4d357db"
    }
  ],
  "external": [
    {
      "value": false
    }
  ],
  "rediscover": [
    {
      "value": false
    }
  ],
  "weight": [
    {
      "value": -50
    }
  ],
  "expanded": [
    {
      "value": false
    }
  ],
  "changed": [
    {
      "value": "2019-12-19T13:36:41+00:00",
      "lang": "en",
      "format": "Y-m-d\\TH:i:sP"
    }
  ],
  "default_langcode": [
    {
      "value": true,
      "lang": "en"
    }
  ],
  "metatag": [
    {
      "value": {
        "title": "| 1xDx",
        "canonical_url": "http:\/\/default\/frontpage"
      }
    }
  ],
  "_embedded": {
    "http:\/\/drupal.org\/rest\/relation\/menu_link_content\/menu_link_content\/menu_link_content_target_entity": [
      {
        "_links": {
          "self": {
            "href": "http:\/\/default\/imprint?_format=hal_json"
          },
          "type": {
            "href": "http:\/\/drupal.org\/rest\/type\/node\/page"
          }
        },
        "uuid": [
          {
            "value": "06e99b16-1748-44a6-844a-0cb1b4d357db"
          }
        ]
      }
    ]
  }
}
