{
  "_links": {
    "self": {
      "href": "http:\/\/default\/admin\/content\/teaser_entity\/2?_format=hal_json"
    },
    "type": {
      "href": "http:\/\/drupal.org\/rest\/type\/teaser_entity\/teaser_entity"
    },
    "http:\/\/drupal.org\/rest\/relation\/teaser_entity\/teaser_entity\/user_id": [
      {
        "href": "http:\/\/default\/user\/1?_format=hal_json",
        "lang": "en"
      }
    ],
    "http:\/\/drupal.org\/rest\/relation\/teaser_entity\/teaser_entity\/field_image": [
      {
        "href": "http:\/\/default\/media\/image\/niko-photos-333391-unsplashjpg?_format=hal_json"
      }
    ]
  },
  "id": [
    {
      "value": 2
    }
  ],
  "uuid": [
    {
      "value": "30ddcb5a-0ced-41da-967b-09c2637bbc1e"
    }
  ],
  "langcode": [
    {
      "value": "en",
      "lang": "en"
    }
  ],
  "_embedded": {
    "http:\/\/drupal.org\/rest\/relation\/teaser_entity\/teaser_entity\/user_id": [
      {
        "_links": {
          "self": {
            "href": "http:\/\/default\/user\/1?_format=hal_json"
          },
          "type": {
            "href": "http:\/\/drupal.org\/rest\/type\/user\/user"
          }
        },
        "uuid": [
          {
            "value": "48848e85-aedf-40e5-ba31-4d4ba0722503"
          }
        ],
        "lang": "en"
      }
    ],
    "http:\/\/drupal.org\/rest\/relation\/teaser_entity\/teaser_entity\/field_image": [
      {
        "_links": {
          "self": {
            "href": "http:\/\/default\/media\/image\/niko-photos-333391-unsplashjpg?_format=hal_json"
          },
          "type": {
            "href": "http:\/\/drupal.org\/rest\/type\/media\/image"
          }
        },
        "uuid": [
          {
            "value": "e4480e29-f0dd-473c-b618-e919f96a511b"
          }
        ]
      }
    ]
  },
  "name": [
    {
      "value": "Corporate websites"
    }
  ],
  "status": [
    {
      "value": true
    }
  ],
  "created": [
    {
      "value": "2019-10-28T08:59:39+00:00",
      "format": "Y-m-d\\TH:i:sP"
    }
  ],
  "changed": [
    {
      "value": "2019-10-28T08:59:39+00:00",
      "format": "Y-m-d\\TH:i:sP"
    }
  ],
  "default_langcode": [
    {
      "value": true,
      "lang": "en"
    }
  ],
  "metatag": [
    {
      "value": {
        "title": "| 1xDx",
        "canonical_url": "http:\/\/default\/frontpage"
      }
    }
  ],
  "field_body": [
    {
      "value": "<p>We have numerous corporate clients for whom we provide custom tailored web solutions embedded within existing IT infrastructure.<\/p>\r\n",
      "format": "rich_text",
      "processed": "<p>We have numerous corporate clients for whom we provide custom tailored web solutions embedded within existing IT infrastructure.<\/p>\n"
    }
  ],
  "field_link_1": [
    {
      "uri": "https:\/\/www.1xinternet.de\/corporate",
      "title": "Find out more!",
      "options": []
    }
  ]
}
