{
  "_links": {
    "self": {
      "href": "http:\/\/default\/admin\/content\/teaser_entity\/3?_format=hal_json"
    },
    "type": {
      "href": "http:\/\/drupal.org\/rest\/type\/teaser_entity\/teaser_entity"
    },
    "http:\/\/drupal.org\/rest\/relation\/teaser_entity\/teaser_entity\/user_id": [
      {
        "href": "http:\/\/default\/user\/1?_format=hal_json",
        "lang": "en"
      }
    ],
    "http:\/\/drupal.org\/rest\/relation\/teaser_entity\/teaser_entity\/field_image": [
      {
        "href": "http:\/\/default\/media\/image\/riccardo-chiarini-365677-unsplashjpg?_format=hal_json"
      }
    ]
  },
  "id": [
    {
      "value": 3
    }
  ],
  "uuid": [
    {
      "value": "32c0e4d4-ba2f-4b15-bb52-38b640a28712"
    }
  ],
  "langcode": [
    {
      "value": "en",
      "lang": "en"
    }
  ],
  "_embedded": {
    "http:\/\/drupal.org\/rest\/relation\/teaser_entity\/teaser_entity\/user_id": [
      {
        "_links": {
          "self": {
            "href": "http:\/\/default\/user\/1?_format=hal_json"
          },
          "type": {
            "href": "http:\/\/drupal.org\/rest\/type\/user\/user"
          }
        },
        "uuid": [
          {
            "value": "48848e85-aedf-40e5-ba31-4d4ba0722503"
          }
        ],
        "lang": "en"
      }
    ],
    "http:\/\/drupal.org\/rest\/relation\/teaser_entity\/teaser_entity\/field_image": [
      {
        "_links": {
          "self": {
            "href": "http:\/\/default\/media\/image\/riccardo-chiarini-365677-unsplashjpg?_format=hal_json"
          },
          "type": {
            "href": "http:\/\/drupal.org\/rest\/type\/media\/image"
          }
        },
        "uuid": [
          {
            "value": "39536bd5-1ba1-4845-9299-a2cf9f9fe6ce"
          }
        ]
      }
    ]
  },
  "name": [
    {
      "value": "Decoupled solutions for Drupal with React"
    }
  ],
  "status": [
    {
      "value": true
    }
  ],
  "created": [
    {
      "value": "2019-10-28T09:00:44+00:00",
      "format": "Y-m-d\\TH:i:sP"
    }
  ],
  "changed": [
    {
      "value": "2019-10-28T09:00:44+00:00",
      "format": "Y-m-d\\TH:i:sP"
    }
  ],
  "default_langcode": [
    {
      "value": true,
      "lang": "en"
    }
  ],
  "metatag": [
    {
      "value": {
        "title": "| 1xDx",
        "canonical_url": "http:\/\/default\/frontpage"
      }
    }
  ],
  "field_body": [
    {
      "value": "<p>We are strong in creating decoupled (headless) Drupal solutions. We have built several applications some of them with outstanding user-experience.<\/p>\r\n",
      "format": "rich_text",
      "processed": "<p>We are strong in creating decoupled (headless) Drupal solutions. We have built several applications some of them with outstanding user-experience.<\/p>\n"
    }
  ],
  "field_link_1": [
    {
      "uri": "https:\/\/www.1xinternet.de\/en#block-cta",
      "title": "Find out more!",
      "options": []
    }
  ]
}
