{
  "_links": {
    "self": {
      "href": "http:\/\/default\/admin\/content\/teaser_entity\/1?_format=hal_json"
    },
    "type": {
      "href": "http:\/\/drupal.org\/rest\/type\/teaser_entity\/teaser_entity"
    },
    "http:\/\/drupal.org\/rest\/relation\/teaser_entity\/teaser_entity\/user_id": [
      {
        "href": "http:\/\/default\/user\/1?_format=hal_json",
        "lang": "en"
      }
    ],
    "http:\/\/drupal.org\/rest\/relation\/teaser_entity\/teaser_entity\/field_image": [
      {
        "href": "http:\/\/default\/media\/image\/jakob-owens-358225-unsplash0jpg?_format=hal_json"
      }
    ]
  },
  "id": [
    {
      "value": 1
    }
  ],
  "uuid": [
    {
      "value": "857b46f9-55fd-49fd-b324-4678dd3f2de7"
    }
  ],
  "langcode": [
    {
      "value": "en",
      "lang": "en"
    }
  ],
  "_embedded": {
    "http:\/\/drupal.org\/rest\/relation\/teaser_entity\/teaser_entity\/user_id": [
      {
        "_links": {
          "self": {
            "href": "http:\/\/default\/user\/1?_format=hal_json"
          },
          "type": {
            "href": "http:\/\/drupal.org\/rest\/type\/user\/user"
          }
        },
        "uuid": [
          {
            "value": "48848e85-aedf-40e5-ba31-4d4ba0722503"
          }
        ],
        "lang": "en"
      }
    ],
    "http:\/\/drupal.org\/rest\/relation\/teaser_entity\/teaser_entity\/field_image": [
      {
        "_links": {
          "self": {
            "href": "http:\/\/default\/media\/image\/jakob-owens-358225-unsplash0jpg?_format=hal_json"
          },
          "type": {
            "href": "http:\/\/drupal.org\/rest\/type\/media\/image"
          }
        },
        "uuid": [
          {
            "value": "f248cf3f-bb57-40fe-8df4-8ce3a9801785"
          }
        ]
      }
    ]
  },
  "name": [
    {
      "value": "E-commerce and webshops"
    }
  ],
  "status": [
    {
      "value": true
    }
  ],
  "created": [
    {
      "value": "2019-10-28T08:58:38+00:00",
      "format": "Y-m-d\\TH:i:sP"
    }
  ],
  "changed": [
    {
      "value": "2019-10-28T08:58:38+00:00",
      "format": "Y-m-d\\TH:i:sP"
    }
  ],
  "default_langcode": [
    {
      "value": true,
      "lang": "en"
    }
  ],
  "metatag": [
    {
      "value": {
        "title": "| 1xDx",
        "canonical_url": "http:\/\/default\/frontpage"
      }
    }
  ],
  "field_body": [
    {
      "value": "<p>Do you want to sell your products online? We can help! With Drupal and the battle-tested framework <strong>Drupal Commerce<\/strong> we can build any kind of e-commerce solution for you.<\/p>\r\n",
      "format": "rich_text",
      "processed": "<p>Do you want to sell your products online? We can help! With Drupal and the battle-tested framework <strong>Drupal Commerce<\/strong> we can build any kind of e-commerce solution for you.<\/p>\n"
    }
  ],
  "field_link_1": [
    {
      "uri": "https:\/\/www.1xinternet.de\/ecommerce",
      "title": "Find out more!",
      "options": []
    }
  ]
}
