{
    "_links": {
        "self": {
            "href": "http:\/\/default\/en\/page\/contact-page?_format=hal_json"
        },
        "type": {
            "href": "http:\/\/drupal.org\/rest\/type\/node\/page"
        },
        "http:\/\/drupal.org\/rest\/relation\/node\/page\/revision_uid": [
            {
                "href": "http:\/\/default\/en\/user\/1?_format=hal_json"
            }
        ],
        "http:\/\/drupal.org\/rest\/relation\/node\/page\/uid": [
            {
                "href": "http:\/\/default\/en\/user\/1?_format=hal_json",
                "lang": "en"
            }
        ],
        "http:\/\/drupal.org\/rest\/relation\/node\/page\/field_content_paragraphs": [
            {
                "href": ""
            },
            {
                "href": ""
            }
        ],
        "http:\/\/drupal.org\/rest\/relation\/node\/page\/field_preview_image": [
            {
                "href": "http:\/\/default\/en\/media\/image\/sunflower?_format=hal_json"
            }
        ]
    },
    "nid": [
        {
            "value": 3
        }
    ],
    "uuid": [
        {
            "value": "0eb78758-1305-4d99-9007-33d10fb8f0af"
        }
    ],
    "vid": [
        {
            "value": 40
        }
    ],
    "langcode": [
        {
            "value": "en",
            "lang": "en"
        }
    ],
    "type": [
        {
            "target_id": "page"
        }
    ],
    "revision_timestamp": [
        {
            "value": "2019-01-11T09:40:50+00:00",
            "format": "Y-m-d\\TH:i:sP"
        }
    ],
    "_embedded": {
        "http:\/\/drupal.org\/rest\/relation\/node\/page\/revision_uid": [
            {
                "_links": {
                    "self": {
                        "href": "http:\/\/default\/en\/user\/1?_format=hal_json"
                    },
                    "type": {
                        "href": "http:\/\/drupal.org\/rest\/type\/user\/user"
                    }
                },
                "uuid": [
                    {
                        "value": "c755b8f6-b6ea-4afb-8841-0bba56bd4850"
                    }
                ]
            }
        ],
        "http:\/\/drupal.org\/rest\/relation\/node\/page\/uid": [
            {
                "_links": {
                    "self": {
                        "href": "http:\/\/default\/en\/user\/1?_format=hal_json"
                    },
                    "type": {
                        "href": "http:\/\/drupal.org\/rest\/type\/user\/user"
                    }
                },
                "uuid": [
                    {
                        "value": "c755b8f6-b6ea-4afb-8841-0bba56bd4850"
                    }
                ],
                "lang": "en"
            }
        ],
        "http:\/\/drupal.org\/rest\/relation\/node\/page\/field_content_paragraphs": [
            {
                "_links": {
                    "self": {
                        "href": ""
                    },
                    "type": {
                        "href": "http:\/\/drupal.org\/rest\/type\/paragraph\/slideshow"
                    }
                },
                "uuid": [
                    {
                        "value": "367b9795-a290-4adc-ae7f-26f886e64731"
                    }
                ],
                "target_revision_id": "421"
            },
            {
                "_links": {
                    "self": {
                        "href": ""
                    },
                    "type": {
                        "href": "http:\/\/drupal.org\/rest\/type\/paragraph\/text"
                    }
                },
                "uuid": [
                    {
                        "value": "96792824-10db-491b-95e2-3c17da9cec7c"
                    }
                ],
                "target_revision_id": "422"
            }
        ],
        "http:\/\/drupal.org\/rest\/relation\/node\/page\/field_preview_image": [
            {
                "_links": {
                    "self": {
                        "href": "http:\/\/default\/en\/media\/image\/sunflower?_format=hal_json"
                    },
                    "type": {
                        "href": "http:\/\/drupal.org\/rest\/type\/media\/image"
                    }
                },
                "uuid": [
                    {
                        "value": "635f971a-96f3-449f-a8b3-c402d0b53306"
                    }
                ]
            }
        ]
    },
    "status": [
        {
            "value": true,
            "lang": "en"
        }
    ],
    "title": [
        {
            "value": "Contact page",
            "lang": "en"
        }
    ],
    "created": [
        {
            "value": "2019-01-11T08:24:11+00:00",
            "lang": "en",
            "format": "Y-m-d\\TH:i:sP"
        }
    ],
    "changed": [
        {
            "value": "2019-01-11T09:40:50+00:00",
            "lang": "en",
            "format": "Y-m-d\\TH:i:sP"
        }
    ],
    "promote": [
        {
            "value": false
        }
    ],
    "sticky": [
        {
            "value": false,
            "lang": "en"
        }
    ],
    "default_langcode": [
        {
            "value": true,
            "lang": "en"
        }
    ],
    "metatag": [
        {
            "value": {
                "title": "Contact page | 1xdx",
                "canonical_url": "http:\/\/default\/node\/3"
            }
        }
    ],
    "field_preview_text": [
        {
            "value": "<p>&nbsp;She packed her seven versalia, put her initial into the belt and made herself on the way. When she reached the first hills of the Italic Mountains<\/p>\r\n",
            "format": "rich_text",
            "processed": "<p>\u00a0She packed her seven versalia, put her initial into the belt and made herself on the way. When she reached the first hills of the Italic Mountains<\/p>\n"
        }
    ],
    "field_show_sidebar": [
        {
            "value": "none"
        }
    ]
}
