{
    "_links": {
        "self": {
            "href": "http:\/\/default\/en\/event-1?_format=hal_json"
        },
        "type": {
            "href": "http:\/\/drupal.org\/rest\/type\/node\/event"
        },
        "http:\/\/drupal.org\/rest\/relation\/node\/event\/revision_uid": [
            {
                "href": "http:\/\/default\/en\/user\/1?_format=hal_json"
            }
        ],
        "http:\/\/drupal.org\/rest\/relation\/node\/event\/uid": [
            {
                "href": "http:\/\/default\/en\/user\/1?_format=hal_json",
                "lang": "en"
            }
        ],
        "http:\/\/drupal.org\/rest\/relation\/node\/event\/field_content_paragraphs": [
            {
                "href": ""
            }
        ],
        "http:\/\/drupal.org\/rest\/relation\/node\/event\/field_preview_image": [
            {
                "href": "http:\/\/default\/media\/bild\/mark-basarab-122141-unsplashjpg?_format=hal_json"
            }
        ]
    },
    "nid": [
        {
            "value": 8
        }
    ],
    "uuid": [
        {
            "value": "2127b25c-33c5-406d-a4ea-708bf9ecd812"
        }
    ],
    "vid": [
        {
            "value": 61
        }
    ],
    "langcode": [
        {
            "value": "en",
            "lang": "en"
        }
    ],
    "type": [
        {
            "target_id": "event"
        }
    ],
    "revision_timestamp": [
        {
            "value": "2019-04-09T10:13:22+00:00",
            "format": "Y-m-d\\TH:i:sP"
        }
    ],
    "_embedded": {
        "http:\/\/drupal.org\/rest\/relation\/node\/event\/revision_uid": [
            {
                "_links": {
                    "self": {
                        "href": "http:\/\/default\/en\/user\/1?_format=hal_json"
                    },
                    "type": {
                        "href": "http:\/\/drupal.org\/rest\/type\/user\/user"
                    }
                },
                "uuid": [
                    {
                        "value": "b7274716-a5bf-48e9-be11-672f0fb03403"
                    }
                ]
            }
        ],
        "http:\/\/drupal.org\/rest\/relation\/node\/event\/uid": [
            {
                "_links": {
                    "self": {
                        "href": "http:\/\/default\/en\/user\/1?_format=hal_json"
                    },
                    "type": {
                        "href": "http:\/\/drupal.org\/rest\/type\/user\/user"
                    }
                },
                "uuid": [
                    {
                        "value": "b7274716-a5bf-48e9-be11-672f0fb03403"
                    }
                ],
                "lang": "en"
            }
        ],
        "http:\/\/drupal.org\/rest\/relation\/node\/event\/field_content_paragraphs": [
            {
                "_links": {
                    "self": {
                        "href": ""
                    },
                    "type": {
                        "href": "http:\/\/drupal.org\/rest\/type\/paragraph\/text"
                    }
                },
                "uuid": [
                    {
                        "value": "fd45a65f-55d4-4dae-a949-1d983958a1ba"
                    }
                ],
                "target_revision_id": "629"
            }
        ],
        "http:\/\/drupal.org\/rest\/relation\/node\/event\/field_preview_image": [
            {
                "_links": {
                    "self": {
                        "href": "http:\/\/default\/media\/bild\/mark-basarab-122141-unsplashjpg?_format=hal_json"
                    },
                    "type": {
                        "href": "http:\/\/drupal.org\/rest\/type\/media\/image"
                    }
                },
                "uuid": [
                    {
                        "value": "29209459-8b7e-4673-ab3a-c9017aa997ae"
                    }
                ]
            }
        ]
    },
    "status": [
        {
            "value": true,
            "lang": "en"
        }
    ],
    "title": [
        {
            "value": "Event 1",
            "lang": "en"
        }
    ],
    "created": [
        {
            "value": "2019-04-09T10:12:35+00:00",
            "lang": "en",
            "format": "Y-m-d\\TH:i:sP"
        }
    ],
    "changed": [
        {
            "value": "2019-04-09T10:13:22+00:00",
            "lang": "en",
            "format": "Y-m-d\\TH:i:sP"
        }
    ],
    "promote": [
        {
            "value": false
        }
    ],
    "sticky": [
        {
            "value": false,
            "lang": "en"
        }
    ],
    "default_langcode": [
        {
            "value": true,
            "lang": "en"
        }
    ],
    "metatag": [
        {
            "value": {
                "title": "Event 1 | 1xDx",
                "canonical_url": "http:\/\/default\/node\/8"
            }
        }
    ],
    "field_address": [
        {
            "langcode": "en",
            "country_code": "DE",
            "administrative_area": null,
            "locality": "Frankfurt am Main",
            "dependent_locality": null,
            "postal_code": "60489",
            "sorting_code": null,
            "address_line1": "Seelenberger str 2",
            "address_line2": "",
            "organization": "1xINTERNET",
            "given_name": "Christroph",
            "additional_name": null,
            "family_name": "Breidert"
        }
    ],
    "field_event_date": [
        {
            "value": "2019-04-08T22:30:35",
            "end_value": "2019-04-27T23:00:35"
        }
    ],
    "field_preview_text": [
        {
            "value": "<p>Lorem ipsum dolor sit amet, consetetur sadipscing elitr, sed diam nonumy eirmod tempor invidunt ut labore et dolore magna aliquyam erat, sed diam voluptua. At vero eos et accusam et justo duo dolores et ea rebum.<\/p>\r\n",
            "format": "rich_text",
            "processed": "<p>Lorem ipsum dolor sit amet, consetetur sadipscing elitr, sed diam nonumy eirmod tempor invidunt ut labore et dolore magna aliquyam erat, sed diam voluptua. At vero eos et accusam et justo duo dolores et ea rebum.<\/p>"
        }
    ],
    "field_show_sidebar": [
        {
            "value": "none"
        }
    ]
}
