{
    "_links": {
        "self": {
            "href": "http:\/\/default\/en\/event-2?_format=hal_json"
        },
        "type": {
            "href": "http:\/\/drupal.org\/rest\/type\/node\/event"
        },
        "http:\/\/drupal.org\/rest\/relation\/node\/event\/revision_uid": [
            {
                "href": "http:\/\/default\/en\/user\/1?_format=hal_json"
            }
        ],
        "http:\/\/drupal.org\/rest\/relation\/node\/event\/uid": [
            {
                "href": "http:\/\/default\/en\/user\/1?_format=hal_json",
                "lang": "en"
            }
        ],
        "http:\/\/drupal.org\/rest\/relation\/node\/event\/field_content_paragraphs": [
            {
                "href": ""
            }
        ],
        "http:\/\/drupal.org\/rest\/relation\/node\/event\/field_preview_image": [
            {
                "href": "http:\/\/default\/media\/image\/niko-photos-333391-unsplashjpg?_format=hal_json"
            }
        ]
    },
    "nid": [
        {
            "value": 11
        }
    ],
    "uuid": [
        {
            "value": "517cb2b7-09d4-43fe-b60d-cbf9bc945360"
        }
    ],
    "vid": [
        {
            "value": 64
        }
    ],
    "langcode": [
        {
            "value": "en",
            "lang": "en"
        }
    ],
    "type": [
        {
            "target_id": "event"
        }
    ],
    "revision_timestamp": [
        {
            "value": "2019-04-09T10:18:42+00:00",
            "format": "Y-m-d\\TH:i:sP"
        }
    ],
    "_embedded": {
        "http:\/\/drupal.org\/rest\/relation\/node\/event\/revision_uid": [
            {
                "_links": {
                    "self": {
                        "href": "http:\/\/default\/en\/user\/1?_format=hal_json"
                    },
                    "type": {
                        "href": "http:\/\/drupal.org\/rest\/type\/user\/user"
                    }
                },
                "uuid": [
                    {
                        "value": "b7274716-a5bf-48e9-be11-672f0fb03403"
                    }
                ]
            }
        ],
        "http:\/\/drupal.org\/rest\/relation\/node\/event\/uid": [
            {
                "_links": {
                    "self": {
                        "href": "http:\/\/default\/en\/user\/1?_format=hal_json"
                    },
                    "type": {
                        "href": "http:\/\/drupal.org\/rest\/type\/user\/user"
                    }
                },
                "uuid": [
                    {
                        "value": "b7274716-a5bf-48e9-be11-672f0fb03403"
                    }
                ],
                "lang": "en"
            }
        ],
        "http:\/\/drupal.org\/rest\/relation\/node\/event\/field_content_paragraphs": [
            {
                "_links": {
                    "self": {
                        "href": ""
                    },
                    "type": {
                        "href": "http:\/\/drupal.org\/rest\/type\/paragraph\/text"
                    }
                },
                "uuid": [
                    {
                        "value": "823c80a2-962b-45ae-827e-122e1b2cc2c4"
                    }
                ],
                "target_revision_id": "632"
            }
        ],
        "http:\/\/drupal.org\/rest\/relation\/node\/event\/field_preview_image": [
            {
                "_links": {
                    "self": {
                        "href": "http:\/\/default\/media\/image\/niko-photos-333391-unsplashjpg?_format=hal_json"
                    },
                    "type": {
                        "href": "http:\/\/drupal.org\/rest\/type\/media\/image"
                    }
                },
                "uuid": [
                    {
                        "value": "e4480e29-f0dd-473c-b618-e919f96a511b"
                    }
                ]
            }
        ]
    },
    "status": [
        {
            "value": true,
            "lang": "en"
        }
    ],
    "title": [
        {
            "value": "Event 2",
            "lang": "en"
        }
    ],
    "created": [
        {
            "value": "2019-04-09T10:15:30+00:00",
            "lang": "en",
            "format": "Y-m-d\\TH:i:sP"
        }
    ],
    "changed": [
        {
            "value": "2019-04-09T10:18:42+00:00",
            "lang": "en",
            "format": "Y-m-d\\TH:i:sP"
        }
    ],
    "promote": [
        {
            "value": false
        }
    ],
    "sticky": [
        {
            "value": false,
            "lang": "en"
        }
    ],
    "default_langcode": [
        {
            "value": true,
            "lang": "en"
        }
    ],
    "metatag": [
        {
            "value": {
                "title": "Event 2 | 1xDx",
                "canonical_url": "http:\/\/default\/node\/11"
            }
        }
    ],
    "field_event_date": [
        {
            "value": "2019-04-09T10:45:30",
            "end_value": "2019-04-27T11:00:30"
        }
    ],
    "field_preview_text": [
        {
            "value": "<p>Lorem ipsum dolor sit amet, consetetur sadipscing elitr, sed diam nonumy eirmod tempor invidunt ut labore et dolore magna aliquyam erat, sed diam voluptua. At vero eos et accusam et justo duo dolores et ea rebum.<\/p>\r\n",
            "format": "rich_text",
            "processed": "<p>Lorem ipsum dolor sit amet, consetetur sadipscing elitr, sed diam nonumy eirmod tempor invidunt ut labore et dolore magna aliquyam erat, sed diam voluptua. At vero eos et accusam et justo duo dolores et ea rebum.<\/p>"
        }
    ],
    "field_show_sidebar": [
        {
            "value": "none"
        }
    ]
}
