{
    "_links": {
        "self": {
            "href": "http:\/\/default\/en\/news-3?_format=hal_json"
        },
        "type": {
            "href": "http:\/\/drupal.org\/rest\/type\/node\/news"
        },
        "http:\/\/drupal.org\/rest\/relation\/node\/news\/revision_uid": [
            {
                "href": "http:\/\/default\/en\/user\/1?_format=hal_json"
            }
        ],
        "http:\/\/drupal.org\/rest\/relation\/node\/news\/uid": [
            {
                "href": "http:\/\/default\/en\/user\/1?_format=hal_json",
                "lang": "en"
            }
        ],
        "http:\/\/drupal.org\/rest\/relation\/node\/news\/field_content_paragraphs": [
            {
                "href": ""
            }
        ],
        "http:\/\/drupal.org\/rest\/relation\/node\/news\/field_preview_image": [
            {
                "href": "http:\/\/default\/media\/image\/riccardo-chiarini-365677-unsplashjpg?_format=hal_json"
            }
        ]
    },
    "nid": [
        {
            "value": 10
        }
    ],
    "uuid": [
        {
            "value": "580b372b-d85b-4816-9a8f-83edcc030fdf"
        }
    ],
    "vid": [
        {
            "value": 63
        }
    ],
    "langcode": [
        {
            "value": "en",
            "lang": "en"
        }
    ],
    "type": [
        {
            "target_id": "news"
        }
    ],
    "revision_timestamp": [
        {
            "value": "2019-04-09T10:15:27+00:00",
            "format": "Y-m-d\\TH:i:sP"
        }
    ],
    "_embedded": {
        "http:\/\/drupal.org\/rest\/relation\/node\/news\/revision_uid": [
            {
                "_links": {
                    "self": {
                        "href": "http:\/\/default\/en\/user\/1?_format=hal_json"
                    },
                    "type": {
                        "href": "http:\/\/drupal.org\/rest\/type\/user\/user"
                    }
                },
                "uuid": [
                    {
                        "value": "b7274716-a5bf-48e9-be11-672f0fb03403"
                    }
                ]
            }
        ],
        "http:\/\/drupal.org\/rest\/relation\/node\/news\/uid": [
            {
                "_links": {
                    "self": {
                        "href": "http:\/\/default\/en\/user\/1?_format=hal_json"
                    },
                    "type": {
                        "href": "http:\/\/drupal.org\/rest\/type\/user\/user"
                    }
                },
                "uuid": [
                    {
                        "value": "b7274716-a5bf-48e9-be11-672f0fb03403"
                    }
                ],
                "lang": "en"
            }
        ],
        "http:\/\/drupal.org\/rest\/relation\/node\/news\/field_content_paragraphs": [
            {
                "_links": {
                    "self": {
                        "href": ""
                    },
                    "type": {
                        "href": "http:\/\/drupal.org\/rest\/type\/paragraph\/text"
                    }
                },
                "uuid": [
                    {
                        "value": "9414719a-e0c7-4f06-a143-87f924f8e061"
                    }
                ],
                "target_revision_id": "631"
            }
        ],
        "http:\/\/drupal.org\/rest\/relation\/node\/news\/field_preview_image": [
            {
                "_links": {
                    "self": {
                        "href": "http:\/\/default\/media\/image\/riccardo-chiarini-365677-unsplashjpg?_format=hal_json"
                    },
                    "type": {
                        "href": "http:\/\/drupal.org\/rest\/type\/media\/image"
                    }
                },
                "uuid": [
                    {
                        "value": "39536bd5-1ba1-4845-9299-a2cf9f9fe6ce"
                    }
                ]
            }
        ]
    },
    "status": [
        {
            "value": true,
            "lang": "en"
        }
    ],
    "title": [
        {
            "value": "News 3",
            "lang": "en"
        }
    ],
    "created": [
        {
            "value": "2019-04-09T10:14:55+00:00",
            "lang": "en",
            "format": "Y-m-d\\TH:i:sP"
        }
    ],
    "changed": [
        {
            "value": "2019-04-09T10:15:27+00:00",
            "lang": "en",
            "format": "Y-m-d\\TH:i:sP"
        }
    ],
    "promote": [
        {
            "value": false
        }
    ],
    "sticky": [
        {
            "value": false,
            "lang": "en"
        }
    ],
    "default_langcode": [
        {
            "value": true,
            "lang": "en"
        }
    ],
    "metatag": [
        {
            "value": {
                "title": "News 3 | 1xDx",
                "canonical_url": "http:\/\/default\/node\/10"
            }
        }
    ],
    "field_date": [
        {
            "value": "2019-04-09"
        }
    ],
    "field_preview_text": [
        {
            "value": "<p>Lorem ipsum dolor sit amet, consetetur sadipscing elitr, sed diam nonumy eirmod tempor invidunt ut labore et dolore magna aliquyam erat, sed diam voluptua. At vero eos et accusam et justo duo dolores et ea rebum.<\/p>\r\n",
            "format": "rich_text",
            "processed": "<p>Lorem ipsum dolor sit amet, consetetur sadipscing elitr, sed diam nonumy eirmod tempor invidunt ut labore et dolore magna aliquyam erat, sed diam voluptua. At vero eos et accusam et justo duo dolores et ea rebum.<\/p>"
        }
    ],
    "field_show_sidebar": [
        {
            "value": "none"
        }
    ]
}
