{
    "_links": {
        "self": {
            "href": "http:\/\/default\/en\/faq?_format=hal_json"
        },
        "type": {
            "href": "http:\/\/drupal.org\/rest\/type\/node\/page"
        },
        "http:\/\/drupal.org\/rest\/relation\/node\/page\/revision_uid": [
            {
                "href": "http:\/\/default\/en\/user\/1?_format=hal_json"
            }
        ],
        "http:\/\/drupal.org\/rest\/relation\/node\/page\/uid": [
            {
                "href": "http:\/\/default\/en\/user\/1?_format=hal_json",
                "lang": "en"
            }
        ],
        "http:\/\/drupal.org\/rest\/relation\/node\/page\/field_content_paragraphs": [
            {
                "href": ""
            }
        ],
        "http:\/\/drupal.org\/rest\/relation\/node\/page\/field_preview_image": [
            {
                "href": "http:\/\/default\/en\/media\/image\/light-bulb?_format=hal_json"
            }
        ]
    },
    "nid": [
        {
            "value": 13
        }
    ],
    "uuid": [
        {
            "value": "5dd3450e-eb7e-40a7-87d8-580974b47057"
        }
    ],
    "vid": [
        {
            "value": 66
        }
    ],
    "langcode": [
        {
            "value": "en",
            "lang": "en"
        }
    ],
    "type": [
        {
            "target_id": "page"
        }
    ],
    "revision_timestamp": [
        {
            "value": "2019-04-09T15:27:09+00:00",
            "format": "Y-m-d\\TH:i:sP"
        }
    ],
    "_embedded": {
        "http:\/\/drupal.org\/rest\/relation\/node\/page\/revision_uid": [
            {
                "_links": {
                    "self": {
                        "href": "http:\/\/default\/en\/user\/1?_format=hal_json"
                    },
                    "type": {
                        "href": "http:\/\/drupal.org\/rest\/type\/user\/user"
                    }
                },
                "uuid": [
                    {
                        "value": "2380d3f7-fe85-45f5-a3d8-e460f1ca61b0"
                    }
                ]
            }
        ],
        "http:\/\/drupal.org\/rest\/relation\/node\/page\/uid": [
            {
                "_links": {
                    "self": {
                        "href": "http:\/\/default\/en\/user\/1?_format=hal_json"
                    },
                    "type": {
                        "href": "http:\/\/drupal.org\/rest\/type\/user\/user"
                    }
                },
                "uuid": [
                    {
                        "value": "2380d3f7-fe85-45f5-a3d8-e460f1ca61b0"
                    }
                ],
                "lang": "en"
            }
        ],
        "http:\/\/drupal.org\/rest\/relation\/node\/page\/field_content_paragraphs": [
            {
                "_links": {
                    "self": {
                        "href": ""
                    },
                    "type": {
                        "href": "http:\/\/drupal.org\/rest\/type\/paragraph\/accordion"
                    }
                },
                "uuid": [
                    {
                        "value": "cf8e8306-1dde-4f06-821b-f493b4d92d37"
                    }
                ],
                "target_revision_id": "637"
            }
        ],
        "http:\/\/drupal.org\/rest\/relation\/node\/page\/field_preview_image": [
            {
                "_links": {
                    "self": {
                        "href": "http:\/\/default\/en\/media\/image\/light-bulb?_format=hal_json"
                    },
                    "type": {
                        "href": "http:\/\/drupal.org\/rest\/type\/media\/image"
                    }
                },
                "uuid": [
                    {
                        "value": "d8c6302a-e56c-4eff-ad86-53ae20bff0e9"
                    }
                ]
            }
        ]
    },
    "status": [
        {
            "value": true,
            "lang": "en"
        }
    ],
    "title": [
        {
            "value": "FAQ",
            "lang": "en"
        }
    ],
    "created": [
        {
            "value": "2019-04-09T15:24:13+00:00",
            "lang": "en",
            "format": "Y-m-d\\TH:i:sP"
        }
    ],
    "changed": [
        {
            "value": "2019-04-09T15:27:09+00:00",
            "lang": "en",
            "format": "Y-m-d\\TH:i:sP"
        }
    ],
    "promote": [
        {
            "value": false
        }
    ],
    "sticky": [
        {
            "value": false,
            "lang": "en"
        }
    ],
    "default_langcode": [
        {
            "value": true,
            "lang": "en"
        }
    ],
    "metatag": [
        {
            "value": {
                "title": "FAQ | 1xDx",
                "canonical_url": "http:\/\/default\/de\/node\/13"
            }
        }
    ],
    "field_preview_text": [
        {
            "value": "<p>This is FAQ page.<\/p>\r\n",
            "format": "rich_text",
            "processed": "<p>This is FAQ page.<\/p>"
        }
    ],
    "field_show_sidebar": [
        {
            "value": "none"
        }
    ]
}
