{
    "_links": {
        "self": {
            "href": "http:\/\/default\/en\/page\/frontpage?_format=hal_json"
        },
        "type": {
            "href": "http:\/\/drupal.org\/rest\/type\/node\/page"
        },
        "http:\/\/drupal.org\/rest\/relation\/node\/page\/revision_uid": [
            {
                "href": "http:\/\/default\/en\/user\/1?_format=hal_json"
            }
        ],
        "http:\/\/drupal.org\/rest\/relation\/node\/page\/uid": [
            {
                "href": "http:\/\/default\/en\/user\/1?_format=hal_json",
                "lang": "en"
            }
        ],
        "http:\/\/drupal.org\/rest\/relation\/node\/page\/field_content_paragraphs": [
            {
                "href": ""
            },
            {
                "href": ""
            },
            {
                "href": ""
            },
            {
                "href": ""
            }
        ],
        "http:\/\/drupal.org\/rest\/relation\/node\/page\/field_preview_image": [
            {
                "href": "http:\/\/default\/en\/media\/image\/computer-bw?_format=hal_json"
            }
        ]
    },
    "nid": [
        {
            "value": 1
        }
    ],
    "uuid": [
        {
            "value": "a87ebec8-120f-4a73-8c55-a4addec8bbc3"
        }
    ],
    "vid": [
        {
            "value": 56
        }
    ],
    "langcode": [
        {
            "value": "en",
            "lang": "en"
        }
    ],
    "type": [
        {
            "target_id": "page"
        }
    ],
    "revision_timestamp": [
        {
            "value": "2019-01-11T09:55:08+00:00",
            "format": "Y-m-d\\TH:i:sP"
        }
    ],
    "_embedded": {
        "http:\/\/drupal.org\/rest\/relation\/node\/page\/revision_uid": [
            {
                "_links": {
                    "self": {
                        "href": "http:\/\/default\/en\/user\/1?_format=hal_json"
                    },
                    "type": {
                        "href": "http:\/\/drupal.org\/rest\/type\/user\/user"
                    }
                },
                "uuid": [
                    {
                        "value": "c755b8f6-b6ea-4afb-8841-0bba56bd4850"
                    }
                ]
            }
        ],
        "http:\/\/drupal.org\/rest\/relation\/node\/page\/uid": [
            {
                "_links": {
                    "self": {
                        "href": "http:\/\/default\/en\/user\/1?_format=hal_json"
                    },
                    "type": {
                        "href": "http:\/\/drupal.org\/rest\/type\/user\/user"
                    }
                },
                "uuid": [
                    {
                        "value": "c755b8f6-b6ea-4afb-8841-0bba56bd4850"
                    }
                ],
                "lang": "en"
            }
        ],
        "http:\/\/drupal.org\/rest\/relation\/node\/page\/field_content_paragraphs": [
            {
                "_links": {
                    "self": {
                        "href": ""
                    },
                    "type": {
                        "href": "http:\/\/drupal.org\/rest\/type\/paragraph\/slideshow"
                    }
                },
                "uuid": [
                    {
                        "value": "39a0db58-b674-46b1-9e4c-3ad0d5383670"
                    }
                ],
                "target_revision_id": "617"
            },
            {
                "_links": {
                    "self": {
                        "href": ""
                    },
                    "type": {
                        "href": "http:\/\/drupal.org\/rest\/type\/paragraph\/text"
                    }
                },
                "uuid": [
                    {
                        "value": "999b7e34-8f92-4f3a-85cd-603d5823db2d"
                    }
                ],
                "target_revision_id": "618"
            },
            {
                "_links": {
                    "self": {
                      "href": ""
                    },
                    "type": {
                      "href": "http:\/\/drupal.org\/rest\/type\/paragraph\/media"
                    }
                 },
                "uuid": [
                    {
                      "value": "9b34de04-2cb6-4d64-b10c-b610129ec965"
                    }
                ],
                "target_revision_id": "752"
            },
            {
                "_links": {
                    "self": {
                        "href": ""
                    },
                    "type": {
                        "href": "http:\/\/drupal.org\/rest\/type\/paragraph\/two_columns"
                    }
                },
                "uuid": [
                    {
                        "value": "17d3051b-17db-4a16-a6e8-dfb8a8008da4"
                    }
                ],
                "target_revision_id": "621"
            },
            {
                "_links": {
                    "self": {
                        "href": ""
                    },
                    "type": {
                        "href": "http:\/\/drupal.org\/rest\/type\/paragraph\/gallery"
                    }
                },
                "uuid": [
                    {
                        "value": "c0bd2265-b630-45c7-9d14-57e9c0775819"
                    }
                ],
                "target_revision_id": "622"
            },
            {
                "_links": {
                    "self": {
                        "href": ""
                    },
                    "type": {
                        "href": "http:\/\/drupal.org\/rest\/type\/paragraph\/teaser_box"
                    }
                },
                "uuid": [
                    {
                        "value": "b8855e1d-b83e-4fac-8006-020777a58bdc"
                    }
                ],
                "target_revision_id": "763"
            }
        ],
        "http:\/\/drupal.org\/rest\/relation\/node\/page\/field_preview_image": [
            {
                "_links": {
                    "self": {
                        "href": "http:\/\/default\/en\/media\/image\/computer-bw?_format=hal_json"
                    },
                    "type": {
                        "href": "http:\/\/drupal.org\/rest\/type\/media\/image"
                    }
                },
                "uuid": [
                    {
                        "value": "16a505f6-f882-4172-99aa-9d2b1fb42b69"
                    }
                ]
            }
        ]
    },
    "status": [
        {
            "value": true,
            "lang": "en"
        }
    ],
    "title": [
        {
            "value": "Frontpage",
            "lang": "en"
        }
    ],
    "created": [
        {
            "value": "2019-01-10T17:25:45+00:00",
            "lang": "en",
            "format": "Y-m-d\\TH:i:sP"
        }
    ],
    "changed": [
        {
            "value": "2019-01-11T09:55:08+00:00",
            "lang": "en",
            "format": "Y-m-d\\TH:i:sP"
        }
    ],
    "promote": [
        {
            "value": false
        }
    ],
    "sticky": [
        {
            "value": false,
            "lang": "en"
        }
    ],
    "default_langcode": [
        {
            "value": true,
            "lang": "en"
        }
    ],
    "metatag": [
        {
            "value": {
                "title": "Frontpage | 1xdx",
                "canonical_url": "http:\/\/default\/node\/1"
            }
        }
    ],
    "field_preview_text": [
        {
            "value": "<p>Far far away, behind the word mountains, far from the countries Vokalia and Consonantia, there live the blind texts.&nbsp;<\/p>\r\n",
            "format": "rich_text",
            "processed": "<p>Far far away, behind the word mountains, far from the countries Vokalia and Consonantia, there live the blind texts.\u00a0<\/p>\n"
        }
    ],
    "field_show_sidebar": [
        {
            "value": "none"
        }
    ]
}
