{
    "_links": {
        "self": {
            "href": "http:\/\/default\/en\/news-2?_format=hal_json"
        },
        "type": {
            "href": "http:\/\/drupal.org\/rest\/type\/node\/news"
        },
        "http:\/\/drupal.org\/rest\/relation\/node\/news\/revision_uid": [
            {
                "href": "http:\/\/default\/en\/user\/1?_format=hal_json"
            }
        ],
        "http:\/\/drupal.org\/rest\/relation\/node\/news\/uid": [
            {
                "href": "http:\/\/default\/en\/user\/1?_format=hal_json",
                "lang": "en"
            }
        ],
        "http:\/\/drupal.org\/rest\/relation\/node\/news\/field_content_paragraphs": [
            {
                "href": ""
            }
        ],
        "http:\/\/drupal.org\/rest\/relation\/node\/news\/field_preview_image": [
            {
                "href": "http:\/\/default\/media\/image\/andreas-gucklhorn-285567-unsplashjpg?_format=hal_json"
            }
        ]
    },
    "nid": [
        {
            "value": 9
        }
    ],
    "uuid": [
        {
            "value": "aab69d04-a1df-4b99-8231-f96db39fcda0"
        }
    ],
    "vid": [
        {
            "value": 62
        }
    ],
    "langcode": [
        {
            "value": "en",
            "lang": "en"
        }
    ],
    "type": [
        {
            "target_id": "news"
        }
    ],
    "revision_timestamp": [
        {
            "value": "2019-04-09T10:14:47+00:00",
            "format": "Y-m-d\\TH:i:sP"
        }
    ],
    "_embedded": {
        "http:\/\/drupal.org\/rest\/relation\/node\/news\/revision_uid": [
            {
                "_links": {
                    "self": {
                        "href": "http:\/\/default\/en\/user\/1?_format=hal_json"
                    },
                    "type": {
                        "href": "http:\/\/drupal.org\/rest\/type\/user\/user"
                    }
                },
                "uuid": [
                    {
                        "value": "b7274716-a5bf-48e9-be11-672f0fb03403"
                    }
                ]
            }
        ],
        "http:\/\/drupal.org\/rest\/relation\/node\/news\/uid": [
            {
                "_links": {
                    "self": {
                        "href": "http:\/\/default\/en\/user\/1?_format=hal_json"
                    },
                    "type": {
                        "href": "http:\/\/drupal.org\/rest\/type\/user\/user"
                    }
                },
                "uuid": [
                    {
                        "value": "b7274716-a5bf-48e9-be11-672f0fb03403"
                    }
                ],
                "lang": "en"
            }
        ],
        "http:\/\/drupal.org\/rest\/relation\/node\/news\/field_content_paragraphs": [
            {
                "_links": {
                    "self": {
                        "href": ""
                    },
                    "type": {
                        "href": "http:\/\/drupal.org\/rest\/type\/paragraph\/text"
                    }
                },
                "uuid": [
                    {
                        "value": "49c2c8a8-c260-4675-b9cb-b4f9c093ad18"
                    }
                ],
                "target_revision_id": "630"
            }
        ],
        "http:\/\/drupal.org\/rest\/relation\/node\/news\/field_preview_image": [
            {
                "_links": {
                    "self": {
                        "href": "http:\/\/default\/media\/image\/andreas-gucklhorn-285567-unsplashjpg?_format=hal_json"
                    },
                    "type": {
                        "href": "http:\/\/drupal.org\/rest\/type\/media\/image"
                    }
                },
                "uuid": [
                    {
                        "value": "26462d8b-ca74-4dfa-bb2f-bd6afc5bb4da"
                    }
                ]
            }
        ]
    },
    "status": [
        {
            "value": true,
            "lang": "en"
        }
    ],
    "title": [
        {
            "value": "News 2",
            "lang": "en"
        }
    ],
    "created": [
        {
            "value": "2019-04-09T10:14:10+00:00",
            "lang": "en",
            "format": "Y-m-d\\TH:i:sP"
        }
    ],
    "changed": [
        {
            "value": "2019-04-09T10:14:47+00:00",
            "lang": "en",
            "format": "Y-m-d\\TH:i:sP"
        }
    ],
    "promote": [
        {
            "value": false
        }
    ],
    "sticky": [
        {
            "value": false,
            "lang": "en"
        }
    ],
    "default_langcode": [
        {
            "value": true,
            "lang": "en"
        }
    ],
    "metatag": [
        {
            "value": {
                "title": "News 2 | 1xDx",
                "canonical_url": "http:\/\/default\/node\/9"
            }
        }
    ],
    "field_date": [
        {
            "value": "2019-04-09"
        }
    ],
    "field_preview_text": [
        {
            "value": "<p>Lorem ipsum dolor sit amet, consetetur sadipscing elitr, sed diam nonumy eirmod tempor invidunt ut labore et dolore magna aliquyam erat, sed diam voluptua. At vero eos et accusam et justo duo dolores et ea rebum.<\/p>\r\n",
            "format": "rich_text",
            "processed": "<p>Lorem ipsum dolor sit amet, consetetur sadipscing elitr, sed diam nonumy eirmod tempor invidunt ut labore et dolore magna aliquyam erat, sed diam voluptua. At vero eos et accusam et justo duo dolores et ea rebum.<\/p>"
        }
    ],
    "field_show_sidebar": [
        {
            "value": "none"
        }
    ]
}
