{
    "_links": {
        "self": {
            "href": "http:\/\/default\/en\/page\/service-page?_format=hal_json"
        },
        "type": {
            "href": "http:\/\/drupal.org\/rest\/type\/node\/page"
        },
        "http:\/\/drupal.org\/rest\/relation\/node\/page\/revision_uid": [
            {
                "href": "http:\/\/default\/en\/user\/1?_format=hal_json"
            }
        ],
        "http:\/\/drupal.org\/rest\/relation\/node\/page\/uid": [
            {
                "href": "http:\/\/default\/en\/user\/1?_format=hal_json",
                "lang": "en"
            }
        ],
        "http:\/\/drupal.org\/rest\/relation\/node\/page\/field_content_paragraphs": [
            {
                "href": ""
            },
            {
                "href": ""
            },
            {
                "href": ""
            },
            {
                "href": ""
            },
            {
                "href": ""
            },
            {
                "href": ""
            },
            {
                "href": ""
            },
            {
                "href": ""
            },
            {
                "href": ""
            },
            {
                "href": ""
            },
            {
                "href": ""
            },
            {
                "href": ""
            },
            {
                "href": ""
            },
            {
                "href": ""
            }
        ],
        "http:\/\/drupal.org\/rest\/relation\/node\/page\/field_preview_image": [
            {
                "href": "http:\/\/default\/en\/media\/image\/light-bulb?_format=hal_json"
            }
        ],
        "http:\/\/drupal.org\/rest\/relation\/node\/page\/field_sidebar_paragraphs": [
            {
                "href": ""
            },
            {
                "href": ""
            }
        ]
    },
    "nid": [
        {
            "value": 2
        }
    ],
    "uuid": [
        {
            "value": "d008784d-ac5f-4480-9bf3-c4ddd7a0c821"
        }
    ],
    "vid": [
        {
            "value": 52
        }
    ],
    "langcode": [
        {
            "value": "en",
            "lang": "en"
        }
    ],
    "type": [
        {
            "target_id": "page"
        }
    ],
    "revision_timestamp": [
        {
            "value": "2019-01-11T09:50:52+00:00",
            "format": "Y-m-d\\TH:i:sP"
        }
    ],
    "_embedded": {
        "http:\/\/drupal.org\/rest\/relation\/node\/page\/revision_uid": [
            {
                "_links": {
                    "self": {
                        "href": "http:\/\/default\/en\/user\/1?_format=hal_json"
                    },
                    "type": {
                        "href": "http:\/\/drupal.org\/rest\/type\/user\/user"
                    }
                },
                "uuid": [
                    {
                        "value": "c755b8f6-b6ea-4afb-8841-0bba56bd4850"
                    }
                ]
            }
        ],
        "http:\/\/drupal.org\/rest\/relation\/node\/page\/uid": [
            {
                "_links": {
                    "self": {
                        "href": "http:\/\/default\/en\/user\/1?_format=hal_json"
                    },
                    "type": {
                        "href": "http:\/\/drupal.org\/rest\/type\/user\/user"
                    }
                },
                "uuid": [
                    {
                        "value": "c755b8f6-b6ea-4afb-8841-0bba56bd4850"
                    }
                ],
                "lang": "en"
            }
        ],
        "http:\/\/drupal.org\/rest\/relation\/node\/page\/field_content_paragraphs": [
            {
                "_links": {
                    "self": {
                        "href": ""
                    },
                    "type": {
                        "href": "http:\/\/drupal.org\/rest\/type\/paragraph\/slideshow"
                    }
                },
                "uuid": [
                    {
                        "value": "32aa3532-738a-449d-9a9a-da73c385fec0"
                    }
                ],
                "target_revision_id": "567"
            },
            {
                "_links": {
                    "self": {
                        "href": ""
                    },
                    "type": {
                        "href": "http:\/\/drupal.org\/rest\/type\/paragraph\/text"
                    }
                },
                "uuid": [
                    {
                        "value": "6f06330e-4bd0-4766-aa9e-90ae23cd6674"
                    }
                ],
                "target_revision_id": "568"
            },
            {
                "_links": {
                    "self": {
                        "href": ""
                    },
                    "type": {
                        "href": "http:\/\/drupal.org\/rest\/type\/paragraph\/image"
                    }
                },
                "uuid": [
                    {
                        "value": "eeea9042-c75a-475d-b566-841ce415d209"
                    }
                ],
                "target_revision_id": "569"
            },
            {
                "_links": {
                    "self": {
                        "href": ""
                    },
                    "type": {
                        "href": "http:\/\/drupal.org\/rest\/type\/paragraph\/media"
                    }
                },
                "uuid": [
                    {
                        "value": "7776302d-8606-4892-bc43-1bff09129801"
                    }
                ],
                "target_revision_id": "570"
            },
            {
                "_links": {
                    "self": {
                        "href": ""
                    },
                    "type": {
                        "href": "http:\/\/drupal.org\/rest\/type\/paragraph\/media"
                    }
                },
                "uuid": [
                    {
                        "value": "2d3589c2-8721-44ae-b69a-f9c0a449499a"
                    }
                ],
                "target_revision_id": "571"
            },
            {
                "_links": {
                    "self": {
                        "href": ""
                    },
                    "type": {
                        "href": "http:\/\/drupal.org\/rest\/type\/paragraph\/media"
                    }
                },
                "uuid": [
                    {
                        "value": "10a35d50-1594-4c15-9379-39015d426d49"
                    }
                ],
                "target_revision_id": "572"
            },
            {
                "_links": {
                    "self": {
                        "href": ""
                    },
                    "type": {
                        "href": "http:\/\/drupal.org\/rest\/type\/paragraph\/media"
                    }
                },
                "uuid": [
                    {
                        "value": "3409272e-1d21-4b81-bbaa-eb3a78785156"
                    }
                ],
                "target_revision_id": "573"
            },
            {
                "_links": {
                    "self": {
                        "href": ""
                    },
                    "type": {
                        "href": "http:\/\/drupal.org\/rest\/type\/paragraph\/media"
                    }
                },
                "uuid": [
                    {
                        "value": "b3f307fc-44a8-496f-bbd0-fb8b935e9cff"
                    }
                ],
                "target_revision_id": "574"
            },
            {
                "_links": {
                    "self": {
                        "href": ""
                    },
                    "type": {
                        "href": "http:\/\/drupal.org\/rest\/type\/paragraph\/gallery"
                    }
                },
                "uuid": [
                    {
                        "value": "672670e9-2745-46a5-9637-a4b47037c112"
                    }
                ],
                "target_revision_id": "576"
            },
            {
                "_links": {
                    "self": {
                        "href": ""
                    },
                    "type": {
                        "href": "http:\/\/drupal.org\/rest\/type\/paragraph\/slideshow"
                    }
                },
                "uuid": [
                    {
                        "value": "8f01b2fa-4664-4618-b675-1c4d470cc6fa"
                    }
                ],
                "target_revision_id": "579"
            },
            {
                "_links": {
                    "self": {
                        "href": ""
                    },
                    "type": {
                        "href": "http:\/\/drupal.org\/rest\/type\/paragraph\/page_reference"
                    }
                },
                "uuid": [
                    {
                        "value": "92b3e010-02b0-4fef-b430-377c07a31e8a"
                    }
                ],
                "target_revision_id": "580"
            },
            {
                "_links": {
                    "self": {
                        "href": ""
                    },
                    "type": {
                        "href": "http:\/\/drupal.org\/rest\/type\/paragraph\/block_reference"
                    }
                },
                "uuid": [
                    {
                        "value": "372797cb-fc1a-4c6c-aa93-14808b881c7d"
                    }
                ],
                "target_revision_id": "581"
            },
            {
                "_links": {
                    "self": {
                        "href": ""
                    },
                    "type": {
                        "href": "http:\/\/drupal.org\/rest\/type\/paragraph\/two_columns"
                    }
                },
                "uuid": [
                    {
                        "value": "fa9784c7-2d0d-4f09-b021-affab85c153e"
                    }
                ],
                "target_revision_id": "584"
            },
            {
              "_links": {
                "self": {
                  "href": ""
                },
                "type": {
                  "href": "http:\/\/drupal.org\/rest\/type\/paragraph\/image_text"
                }
              },
              "uuid": [
                {
                  "value": "ae3854fc-c74f-4169-82c0-36263068d31e"
                }
              ],
              "target_revision_id": "780"
            },
            {
              "_links": {
                "self": {
                  "href": ""
                },
                "type": {
                  "href": "http:\/\/drupal.org\/rest\/type\/paragraph\/image_text"
                }
              },
              "uuid": [
                {
                  "value": "7592c1a7-db39-40d1-a8ee-5f9f60bf8107"
                }
              ],
              "target_revision_id": "781"
            }
        ],
        "http:\/\/drupal.org\/rest\/relation\/node\/page\/field_preview_image": [
            {
                "_links": {
                    "self": {
                        "href": "http:\/\/default\/en\/media\/image\/light-bulb?_format=hal_json"
                    },
                    "type": {
                        "href": "http:\/\/drupal.org\/rest\/type\/media\/image"
                    }
                },
                "uuid": [
                    {
                        "value": "d8c6302a-e56c-4eff-ad86-53ae20bff0e9"
                    }
                ]
            }
        ],
        "http:\/\/drupal.org\/rest\/relation\/node\/page\/field_sidebar_paragraphs": [
            {
                "_links": {
                    "self": {
                        "href": ""
                    },
                    "type": {
                        "href": "http:\/\/drupal.org\/rest\/type\/paragraph\/block_reference"
                    }
                },
                "uuid": [
                    {
                        "value": "e39a05ad-254a-433e-9a2a-87c7191b2625"
                    }
                ],
                "target_revision_id": "746"
            },
            {
                "_links": {
                    "self": {
                        "href": ""
                    },
                    "type": {
                        "href": "http:\/\/drupal.org\/rest\/type\/paragraph\/text"
                    }
                },
                "uuid": [
                    {
                        "value": "3e769568-b291-40c9-9e76-e6a71bb3c079"
                    }
                ],
                "target_revision_id": "585"
            },
            {
                "_links": {
                    "self": {
                        "href": ""
                    },
                    "type": {
                        "href": "http:\/\/drupal.org\/rest\/type\/paragraph\/block_reference"
                    }
                },
                "uuid": [
                    {
                        "value": "edc553d4-cfee-49b2-85d5-f58be9186402"
                    }
                ],
                "target_revision_id": "586"
            }
        ]
    },
    "status": [
        {
            "value": true,
            "lang": "en"
        }
    ],
    "title": [
        {
            "value": "Service page",
            "lang": "en"
        }
    ],
    "created": [
        {
            "value": "2019-01-10T17:42:55+00:00",
            "lang": "en",
            "format": "Y-m-d\\TH:i:sP"
        }
    ],
    "changed": [
        {
            "value": "2019-01-11T09:50:52+00:00",
            "lang": "en",
            "format": "Y-m-d\\TH:i:sP"
        }
    ],
    "promote": [
        {
            "value": false
        }
    ],
    "sticky": [
        {
            "value": false,
            "lang": "en"
        }
    ],
    "default_langcode": [
        {
            "value": true,
            "lang": "en"
        }
    ],
    "metatag": [
        {
            "value": {
                "title": "Service page | 1xdx",
                "canonical_url": "http:\/\/default\/node\/2"
            }
        }
    ],
    "field_preview_text": [
        {
            "value": "<p>One day however a small line of blind text by the name of Lorem Ipsum decided to leave for the far World of Grammar. The Big Oxmox advised her not to do so.<\/p>\r\n",
            "format": "rich_text",
            "processed": "<p>One day however a small line of blind text by the name of Lorem Ipsum decided to leave for the far World of Grammar. The Big Oxmox advised her not to do so.<\/p>\n"
        }
    ],
    "field_show_sidebar": [
        {
            "value": "right"
        }
    ],
    "field_breadcrumb_title": [
        {
            "value": "Breadcrumb Title for Services page"
        }
    ]
}
