{
    "_links": {
        "self": {
            "href": "http:\/\/default\/en\/event-3?_format=hal_json"
        },
        "type": {
            "href": "http:\/\/drupal.org\/rest\/type\/node\/event"
        },
        "http:\/\/drupal.org\/rest\/relation\/node\/event\/revision_uid": [
            {
                "href": "http:\/\/default\/en\/user\/1?_format=hal_json"
            }
        ],
        "http:\/\/drupal.org\/rest\/relation\/node\/event\/uid": [
            {
                "href": "http:\/\/default\/en\/user\/1?_format=hal_json",
                "lang": "en"
            }
        ],
        "http:\/\/drupal.org\/rest\/relation\/node\/event\/field_content_paragraphs": [
            {
                "href": ""
            }
        ],
        "http:\/\/drupal.org\/rest\/relation\/node\/event\/field_preview_image": [
            {
                "href": "http:\/\/default\/media\/image\/jakob-owens-358225-unsplash0jpg?_format=hal_json"
            }
        ]
    },
    "nid": [
        {
            "value": 12
        }
    ],
    "uuid": [
        {
            "value": "ea0f6171-8f6a-49c7-8d35-7e0481403911"
        }
    ],
    "vid": [
        {
            "value": 65
        }
    ],
    "langcode": [
        {
            "value": "en",
            "lang": "en"
        }
    ],
    "type": [
        {
            "target_id": "event"
        }
    ],
    "revision_timestamp": [
        {
            "value": "2019-04-09T10:19:25+00:00",
            "format": "Y-m-d\\TH:i:sP"
        }
    ],
    "_embedded": {
        "http:\/\/drupal.org\/rest\/relation\/node\/event\/revision_uid": [
            {
                "_links": {
                    "self": {
                        "href": "http:\/\/default\/en\/user\/1?_format=hal_json"
                    },
                    "type": {
                        "href": "http:\/\/drupal.org\/rest\/type\/user\/user"
                    }
                },
                "uuid": [
                    {
                        "value": "b7274716-a5bf-48e9-be11-672f0fb03403"
                    }
                ]
            }
        ],
        "http:\/\/drupal.org\/rest\/relation\/node\/event\/uid": [
            {
                "_links": {
                    "self": {
                        "href": "http:\/\/default\/en\/user\/1?_format=hal_json"
                    },
                    "type": {
                        "href": "http:\/\/drupal.org\/rest\/type\/user\/user"
                    }
                },
                "uuid": [
                    {
                        "value": "b7274716-a5bf-48e9-be11-672f0fb03403"
                    }
                ],
                "lang": "en"
            }
        ],
        "http:\/\/drupal.org\/rest\/relation\/node\/event\/field_content_paragraphs": [
            {
                "_links": {
                    "self": {
                        "href": ""
                    },
                    "type": {
                        "href": "http:\/\/drupal.org\/rest\/type\/paragraph\/text"
                    }
                },
                "uuid": [
                    {
                        "value": "5a09f67a-0311-44b9-a43f-7833711d037d"
                    }
                ],
                "target_revision_id": "633"
            }
        ],
        "http:\/\/drupal.org\/rest\/relation\/node\/event\/field_preview_image": [
            {
                "_links": {
                    "self": {
                        "href": "http:\/\/default\/media\/image\/jakob-owens-358225-unsplash0jpg?_format=hal_json"
                    },
                    "type": {
                        "href": "http:\/\/drupal.org\/rest\/type\/media\/image"
                    }
                },
                "uuid": [
                    {
                        "value": "f248cf3f-bb57-40fe-8df4-8ce3a9801785"
                    }
                ]
            }
        ]
    },
    "status": [
        {
            "value": true,
            "lang": "en"
        }
    ],
    "title": [
        {
            "value": "Event 3",
            "lang": "en"
        }
    ],
    "created": [
        {
            "value": "2019-04-09T10:18:45+00:00",
            "lang": "en",
            "format": "Y-m-d\\TH:i:sP"
        }
    ],
    "changed": [
        {
            "value": "2019-04-09T10:19:25+00:00",
            "lang": "en",
            "format": "Y-m-d\\TH:i:sP"
        }
    ],
    "promote": [
        {
            "value": false
        }
    ],
    "sticky": [
        {
            "value": false,
            "lang": "en"
        }
    ],
    "default_langcode": [
        {
            "value": true,
            "lang": "en"
        }
    ],
    "metatag": [
        {
            "value": {
                "title": "Event 3 | 1xDx",
                "canonical_url": "http:\/\/default\/node\/12"
            }
        }
    ],
    "field_event_date": [
        {
            "value": "2019-04-08T23:15:45",
            "end_value": "2019-04-29T23:15:45"
        }
    ],
    "field_preview_text": [
        {
            "value": "<p>Lorem ipsum dolor sit amet, consetetur sadipscing elitr, sed diam nonumy eirmod tempor invidunt ut labore et dolore magna aliquyam erat, sed diam voluptua. At vero eos et accusam et justo duo dolores et ea rebum.<\/p>\r\n",
            "format": "rich_text",
            "processed": "<p>Lorem ipsum dolor sit amet, consetetur sadipscing elitr, sed diam nonumy eirmod tempor invidunt ut labore et dolore magna aliquyam erat, sed diam voluptua. At vero eos et accusam et justo duo dolores et ea rebum.<\/p>"
        }
    ],
    "field_show_sidebar": [
        {
            "value": "none"
        }
    ]
}
